date,AUD,GBP,BYR,DKK,USD,EUR,ISK,KZT,CAD,NOK,XDR,SGD,TRL,UAH,SEK,CHF,JPY,TRY,CNY,AZN,AMD,BGN,BRL,HUF,INR,KGS,LVL,LTL,MDL,PLN,RON,TJS,TMT,UZS,CZK,EEK,ZAR,KRW,BYN,HKD,VND,GEL,AED,EGP,IDR,QAR,NZD,THB,RSD
2003-01,17.9995,50.9631,0.0164252,4.47781,31.7844,33.2719,0.391433,0.203925,20.1767,4.56528,43.0545,18.2848,1.94e-05,5.9419,3.63035,22.8271,0.267816,,,,,,,,,,,,,,,,,,,,,,,,,,,,,,,,
2003-02,18.7346,52.6447,0.0162562,4.62993,31.8345,34.429,0.411245,0.205576,20.8232,4.62583,43.6983,18.3146,1.932e-05,5.94182,3.74061,23.4508,0.266934,,,,,,,,,,,,,,,,,,,,,,,,,,,,,,,,
2003-03,19.0984,49.8347,0.0159887,4.56797,31.5729,33.9409,0.404314,0.208194,21.1303,4.38312,43.3644,18.1631,1.975e-05,5.89454,3.71844,23.2017,0.268158,,,,,,,,,,,,,,,,,,,,,,,,,,,,,,,,
2003-04,18.9536,49.5052,0.0156963,4.57416,31.3801,33.9815,0.408329,0.206202,21.379,4.30177,42.7695,17.7771,1.836e-05,5.85471,3.6784,23.011,0.262859,,,,,,,,,,,,,,,,,,,,,,,,,,,,,,,,
2003-05,19.3922,49.6141,0.015331,4.65169,31.1021,34.5513,0.413867,0.204875,21.6062,4.41998,42.7862,17.5174,1.95e-05,5.77205,3.78371,22.8507,0.260334,,,,,,,,,,,,,,,,,,,,,,,,,,,,,,,,
2003-06,20.0653,50.7159,0.0150078,4.91148,30.709,36.4669,0.427404,0.204125,22.4645,4.62116,43.4757,17.7386,2.137e-05,5.63882,3.98466,23.8405,0.259498,,,,,,,,,,,,,,,,,,,,,,,,,,,,,,,,
2003-07,20.2823,50.1771,0.0147152,4.67319,30.3809,34.7223,0.39802,0.205946,22.5394,4.19278,42.5882,17.2599,2.142e-05,5.64921,3.77942,22.4429,0.253301,,,,,,,,,,,,,,,,,,,,,,,,,,,,,,,,
2003-08,19.7874,48.8493,0.0145704,4.62058,30.2791,34.3395,0.391962,0.206358,21.6094,4.2024,42.3686,17.2158,2.123e-05,5.64751,3.74765,22.176,0.252242,,,,,,,,,,,,,,,,,,,,,,,,,,,,,,,,
2003-09,19.5589,48.1316,0.0145172,4.46795,30.5036,33.2001,0.380249,0.206829,21.7774,4.00583,41.8214,17.3582,2.163e-05,5.67055,3.60328,21.5848,0.260559,,,,,,,,,,,,,,,,,,,,,,,,,,,,,,,,
2003-10,20.833,51.1594,0.0144789,4.79305,30.6142,35.6043,0.400395,0.205656,22.6873,4.36971,43.2674,17.7053,2.195e-05,5.67897,3.98596,23.1225,0.276152,,,,,,,,,,,,,,,,,,,,,,,,,,,,,,,,
2003-11,21.1143,50.7719,0.0140383,4.68112,29.9451,34.7992,0.391388,0.202923,22.7737,4.24182,43.0569,17.2376,2.019e-05,5.55465,3.84207,22.4527,0.275028,,,,,,,,,,,,,,,,,,,,,,,,,,,,,,,,
2003-12,21.5308,51.0732,0.0138432,4.77109,29.7387,35.5021,0.397258,0.202809,22.7883,4.34459,42.8112,17.2378,2.022e-05,5.51687,3.93296,22.9341,0.272033,,,,,,,,,,,,,,,,,,,,,,,,,,,,,,,,
2004-01,22.1233,52.4732,0.0135751,4.98064,29.4545,37.0979,0.412297,0.20567,22.7536,4.405,43.6109,17.315,2.096e-05,5.474,4.08268,23.7805,0.275456,,,,,,,,,,,,,,,,,,,,,,,,,,,,,,,,
2004-02,21.7321,51.7303,0.0131915,4.74768,28.4937,35.3635,0.410276,0.204323,21.3917,4.02152,42.3804,16.761,2.103e-05,5.27896,3.84816,22.6356,0.269062,,,,,,,,,,,,,,,,,,,,,,,,,,,,,,,,
2004-03,21.9884,53.0789,0.0132329,4.76276,28.5156,35.5076,0.408709,0.205098,21.2107,4.04982,42.2136,16.7601,2.146e-05,5.2939,3.84862,22.5188,0.261323,,,,,,,,,,,,,,,,,,,,,,,,,,,,,,,,
2004-04,21.6515,52.3252,0.013261,4.6879,28.5151,34.9082,0.394127,0.205346,21.8758,4.15037,42.064,16.9895,2.16e-05,5.2941,3.76472,22.3859,0.273815,,,,,,,,,,,,,,,,,,,,,,,,,,,,,,,,
2004-05,20.9129,51.3801,0.0134213,4.65225,28.9612,34.6289,0.392322,0.209668,21.0888,4.22958,41.7881,16.99,2.013e-05,5.40129,3.78949,22.4089,0.262687,,,,,,,,,,,,,,,,,,,,,,,,,,,,,,,,
2004-06,20.7229,53.2543,0.013446,4.75765,28.9993,35.3907,0.405528,0.21172,21.2917,4.30736,42.5948,17.0845,1.926e-05,5.43363,3.88491,23.1439,0.264834,,,,,,,,,,,,,,,,,,,,,,,,,,,,,,,,
2004-07,20.0164,52.3835,0.0134428,4.71919,29.0471,35.0889,0.398342,0.213679,21.5435,4.1915,42.6287,16.8987,1.946e-05,5.443,3.8449,22.9549,0.267198,,,,,,,,,,,,,,,,,,,,,,,,,,,,,,,,
2004-08,20.3568,52.8345,0.0134552,4.71248,29.1019,35.0532,0.405375,0.213478,21.9256,4.14758,42.3479,16.8814,1.968e-05,5.455,3.79663,22.7341,0.260233,,,,,,,,,,,,,,,,,,,,,,,,,,,,,,,,
2004-09,20.5282,52.6283,0.0135205,4.74716,29.2591,35.3713,0.405138,0.214521,22.2266,4.21589,42.658,17.0806,1.924e-05,5.47267,3.87435,22.9429,0.266963,,,,,,,,,,,,,,,,,,,,,,,,,,,,,,,,
2004-10,20.8882,52.5886,0.0134572,4.84055,29.2224,36.0312,0.410312,0.217488,23.0116,4.30368,42.9128,17.277,1.942e-05,5.43157,3.97416,23.1997,0.263835,,,,,,,,,,,,,,,,,,,,,,,,,,,,,,,,
2004-11,21.4734,52.6466,0.0132084,4.92847,28.7655,36.6472,0.416168,0.217885,23.5012,4.48837,42.9682,17.2922,1.948e-05,5.34595,4.0472,23.9513,0.270964,,,,,,,,,,,,,,,,,,,,,,,,,,,,,,,,
2004-12,21.8413,53.2506,0.0128957,5.02366,28.1496,37.3264,0.430817,0.216452,23.6631,4.60051,43.1156,17.1581,1.962e-05,5.25728,4.18613,24.6084,0.273244,,,,,,,,,,,,,,,,,,,,,,,,,,,,,,,,
2005-01,21.6468,53.4967,0.0127492,5.08497,27.7487,37.8409,0.452744,0.213438,23.0452,4.59058,42.9505,16.9966,,5.12337,4.19272,24.5238,0.270587,20.6925,,,,,,,,,,,,,,,,,,,,,,,,,,,,,,,
2005-02,21.7655,52.9745,0.0129161,4.91428,28.1136,36.5899,0.452133,0.216228,22.6649,4.43048,42.7566,17.1602,,5.28382,4.01807,23.611,0.271341,20.9647,,,,,,,,,,,,,,,,,,,,,,,,,,,,,,,
2005-03,21.914,53.2491,0.0128099,4.9373,27.7007,36.72,0.457107,0.212837,22.4479,4.4492,42.2314,17.0351,,5.22822,4.05687,23.8676,0.2648,21.4236,,,,,,,,,,,,,,,,,,,,,,,,,,,,,,,
2005-04,21.5234,52.2946,0.0129155,4.8338,27.8548,36.0274,0.45574,0.210235,22.9069,4.39558,42.0248,16.8684,,5.32108,3.946,23.2491,0.25984,20.5192,,,,,,,,,,,,,,,,,,,,,,,,,,,,,,,
2005-05,21.7098,53.1873,0.0128987,4.83675,27.7726,36.0072,0.438676,0.211391,22.2199,4.41993,42.0349,16.9407,,5.46974,3.92784,23.4269,0.263873,19.8376,,,,,,,,,,,,,,,,,,,,,,,,,,,,,,,
2005-06,21.3151,51.2042,0.0131016,4.69292,28.1946,34.9134,0.434498,0.21324,22.3324,4.37893,41.8735,16.9256,,5.55559,3.80684,22.6154,0.260218,20.535,,,,,,,,,,,,,,,,,,,,,,,,,,,,,,,
2005-07,21.892,51.8199,0.0133038,4.65197,28.6282,34.6258,0.438881,0.21209,23.2996,4.37606,41.7726,17.0112,,5.67558,3.66511,22.3815,0.259996,21.3325,,,,,,,,,,,,,,,,,,,,,,,,,,,,,,,
2005-08,21.7848,50.2872,0.0133166,4.6524,28.6341,34.716,0.442021,0.210728,23.259,4.39389,41.5226,17.2411,,5.6852,3.68863,22.2453,0.255593,21.5294,,,,,,,,,,,,,,,,,,,,,,,,,,,,,,,
2005-09,21.3461,50.965,0.0132644,4.67551,28.5566,34.879,0.450562,0.211038,23.9388,4.41233,41.6946,16.9274,,5.65612,3.72914,22.505,0.256504,20.9053,,,,,,,,,,,,,,,,,,,,,,,,,,,,,,,
2005-10,21.7378,50.2526,0.0132558,4.59964,28.5348,34.3074,0.454303,0.213347,24.3429,4.37181,41.392,16.8845,,5.59429,3.6802,22.0533,0.252074,21.1369,,,,,,,,,,,,,,,,,,,,,,,,,,,,,,,
2005-11,21.4029,50.6498,0.0132476,4.60468,28.503,34.3946,0.466956,0.212574,24.1899,4.40085,41.3909,16.8418,,5.54059,3.60437,22.2402,0.246246,21.0899,,,,,,,,,,,,,,,,,,,,,,,,,,,,,,,
2005-12,21.2563,49.5319,0.0133818,4.55115,28.7792,33.9393,0.453931,0.214631,24.6123,4.26516,41.0527,17.004,,5.66375,3.56236,21.9253,0.240991,21.2001,,,,,,,,,,,,,,,,,,,,,,,,,,,,,,,
2006-01,21.1292,49.7218,0.0133634,4.58094,28.7825,34.185,0.454987,0.215337,24.7336,4.26048,41.1331,17.3076,,5.67232,3.62751,21.9563,0.245291,21.3125,,,,,,,,,,,,,,,,,,,,,,,,,,,,,,,
2006-02,21.1541,49.7769,0.0130756,4.5571,28.1305,34.0492,0.452113,0.213002,24.5445,4.18111,40.6095,17.3068,,5.49284,3.68171,21.8778,0.239633,21.1826,,,,,,,,,,,,,,,,,,,,,,,,,,,,,,,
2006-03,20.7506,48.897,0.0130665,4.46537,28.1211,33.3291,0.424149,0.215807,24.6525,4.14203,40.3124,17.3053,,5.50315,3.52518,21.2604,0.24184,21.3832,,,,,,,,,,,,,,,,,,,,,,,,,,,,,,,
2006-04,19.8551,48.3136,0.0128746,4.50788,27.6996,33.6273,0.393069,0.215729,23.8543,4.22218,39.9046,17.1133,,5.42258,3.57797,21.3221,0.235942,20.503,,,,,,,,,,,,,,,,,,,,,,,,,,,,,,,
2006-05,20.5672,49.1448,0.0126848,4.58724,27.2739,34.1906,0.366388,0.21917,24.2564,4.40306,39.9088,17.2434,,5.37279,3.68049,21.6649,0.238868,20.6386,,,,,,,,,,,,,,,,,,,,,,,,,,,,,,,
2006-06,20.5653,50.6818,0.0125603,4.6495,26.9355,34.7064,0.374937,0.222155,24.5225,4.43142,40.2314,17.0976,,5.38301,3.74598,22.2534,0.240496,17.2996,3.35545,,,,,,,,,,,,,,,,,,,,,,,,,,,,,,
2006-07,20.0127,49.3745,0.0125715,4.59077,26.9423,34.2383,0.352417,0.227707,24.2855,4.32322,39.5311,16.9608,,5.34824,3.70927,21.8528,0.235037,16.9342,3.36989,,,,,,,,,,,,,,,,,,,,,,,,,,,,,,
2006-08,20.5627,50.0161,0.0125158,4.58378,26.8197,34.2112,0.369825,0.22661,23.7196,4.33478,39.6476,16.9939,,5.32,3.70699,21.7445,0.234664,17.9757,3.36572,,,,,,,,,,,,,,,,,,,,,,,,,,,,,,
2006-09,20.3893,50.9732,0.012478,4.59815,26.7295,34.318,0.385318,0.213213,24.1067,4.23834,39.731,16.9948,,5.29098,3.71233,21.7667,0.227873,18.2081,3.35882,,,,,,,,,,,,,,,,,,,,,,,,,,,,,,
2006-10,20.026,50.1829,0.0125052,4.55774,26.7799,33.9783,0.382297,0.210492,24.0783,4.14011,39.6251,16.8682,,5.29896,3.67074,21.4548,0.227179,17.8295,3.38686,,,,,,,,,,,,,,,,,,,,,,,,,,,,,,
2006-11,20.6107,50.8948,0.0125036,4.55957,26.7811,33.9852,0.391594,0.209511,23.7758,4.07776,39.6933,17.1476,,5.28414,3.6917,21.43,0.227827,18.3056,3.39905,,,,,,,,,,,,,,,,,,,,,,,,,,,,,,
2006-12,20.6703,51.3876,0.0122874,4.65243,26.3081,34.6899,0.38378,0.205628,23.1178,4.22349,39.6195,17.05,,5.20303,3.81913,21.7981,0.226579,17.9577,3.35242,,,,,,,,,,,,,,,,,,,,,,,,,,,,,,
2007-01,20.87,51.7775,0.0122906,4.65329,26.3311,34.6965,0.370704,0.207609,22.6894,4.2041,39.5799,17.1695,,5.21987,3.83818,21.597,0.221624,18.6217,3.37155,,,,,,,,,,,,,,,,,,,,,,,,,,,,,,
2007-02,20.5033,52.0614,0.0123467,4.61334,26.5484,34.3802,0.388418,0.210323,22.5006,4.21973,39.6007,17.2762,,5.23823,3.79795,21.1524,0.218667,18.6435,3.41459,,,,,,,,,,,,,,,,,,,,,,,,,,,,,,
2007-03,20.5942,51.2189,0.0121718,4.632,26.1481,34.539,0.392437,0.210008,22.3928,4.25352,39.3633,17.0925,,5.16567,3.73208,21.4136,0.220976,18.209,3.37896,,,,,,,,,,,,,,,,,,,,,,,,,,,,,,
2007-04,20.9937,51.055,0.0121237,4.65635,26.0113,34.6861,0.394769,0.210061,22.4758,4.27424,39.3613,17.1454,,5.13966,3.72159,21.3821,0.220997,18.6863,3.36455,,,,,,,,,,,,,,,,,,,,,,,,,,,,,,
2007-05,21.3315,51.3265,0.0119479,4.70647,25.6851,35.0653,0.400079,0.213842,23.0009,4.31081,39.1885,16.9371,,5.08233,3.83755,21.2995,0.214938,19.2614,3.32618,,,,,,,,,,,,,,,,,,,,,,,,,,,,,,
2007-06,21.3659,51.1584,0.0120492,4.67157,25.9043,34.8128,0.417811,0.211337,24.1419,4.2683,39.167,16.9364,,5.13709,3.73859,21.1464,0.213081,19.4989,3.38707,,,,,,,,,,,,,,,,,,,,,,,,,,,,,,
2007-07,21.9102,51.7382,0.0120187,4.66476,25.8162,34.715,0.411414,0.211011,24.4056,4.36881,39.0945,16.8337,,5.11465,3.75705,20.9564,0.209207,19.6396,3.38973,,,,,,,,,,,,,,,,,,,,,,,,,,,,,,
2007-08,21.9558,51.7997,0.0118917,4.70031,25.5448,35.0015,0.412879,0.206631,23.97,4.38191,39.1035,16.8992,,5.07778,3.80879,21.2201,0.214897,19.7822,3.37582,,,,,,,,,,,,,,,,,,,,,,,,,,,,,,
2007-09,21.0596,51.665,0.0119143,4.70292,25.6262,35.0233,0.404709,0.202803,24.2191,4.40525,39.2258,16.8361,,5.09528,3.72983,21.3072,0.220459,19.6144,3.39555,,,,,,,,,,,,,,,,,,,,,,,,,,,,,,
2007-10,22.0227,50.44,0.011601,4.73925,24.9493,35.3457,0.404168,0.206255,24.9244,4.58307,38.7792,16.731,,4.95517,3.83334,21.2914,0.216649,20.4838,3.31949,,,,,,,,,,,,,,,,,,,,,,,,,,,,,,
2007-11,22.7726,51.1385,0.0114575,4.77906,24.6724,35.6492,0.410386,0.204098,25.8838,4.6222,38.7073,17.0225,,4.87713,3.87328,21.3042,0.215141,20.7418,3.3053,,,,,,,,,,,,,,,,,,,,,,,,,,,,,,
2007-12,21.6653,50.4018,0.0113252,4.82885,24.4171,36.0055,0.397349,0.20202,24.466,4.43617,38.8171,16.872,,4.81239,3.8344,21.7893,0.221029,20.6226,3.30756,,,,,,,,,,,,,,,,,,,,,,,,,,,,,,
2008-01,21.5246,49.0114,0.0113897,4.8471,24.5462,35.9332,0.392865,0.203492,25.0038,4.53971,38.7457,16.9694,,4.82357,3.83379,21.7879,0.218441,20.9367,3.36038,,,,,,,,,,,,,,,,,,,,,,,,,,,,,,
2008-02,21.776,48.552,0.0113498,4.87073,24.4262,36.29,0.378407,0.203185,24.5835,4.50493,38.8777,17.2331,,4.79001,3.84495,22.5605,0.229203,20.8842,3.40008,,,,,,,,,,,,,,,,,,,,,,,,,,,,,,
2008-03,22.7014,47.707,0.0111762,4.89274,24.0023,36.5099,0.365777,0.198601,24.4996,4.63115,38.4654,17.2171,,4.70975,3.88004,22.8159,0.229139,20.221,3.37443,,,,,,,,,,,,,,,,,,,,,,,,,,,,,,
2008-04,21.5379,46.7492,0.0109442,4.97096,23.5027,37.0873,0.301587,0.194725,22.972,4.60711,38.6852,17.0297,,4.66203,3.95662,23.5545,0.235569,18.0235,3.35044,,,,,,,,,,,,,,,,,,,,,,,,,,,,,,
2008-05,22.0926,46.5227,0.0110478,4.93879,23.6588,36.8959,0.317866,0.196499,23.3391,4.59492,38.4583,17.363,,4.73583,3.93539,22.8191,0.227839,18.3259,3.3791,,,,,,,,,,,,,,,,,,,,,,,,,,,,,,
2008-06,22.7034,46.9617,0.0111144,4.92989,23.7384,36.7827,0.317528,0.196848,24.0121,4.66071,38.5367,17.392,,4.93501,3.93998,22.649,0.225265,19.6429,3.41973,,,,,,,,,,,,,,,,,,,,,,,,,,,,,,
2008-07,22.5384,46.6615,0.0110143,4.95235,23.4068,36.971,0.291021,0.193826,23.1957,4.62548,38.1514,17.1831,,4.96359,3.9132,23.0042,0.22109,19.064,3.41331,,,,,,,,,,,,,,,,,,,,,,,,,,,,,,
2008-08,22.1423,46.404,0.0110752,4.90185,23.4186,36.5752,0.291948,0.19483,22.8742,4.56405,37.9487,17.1264,,5.01576,3.86777,22.3844,0.216809,20.0639,3.42818,,,,,,,,,,,,,,,,,,,,,,,,,,,,,,
2008-09,21.2123,44.9364,0.0116368,4.85959,24.5769,36.2264,0.297487,0.20551,23.3754,4.57713,38.6322,17.3541,,5.28535,3.83912,22.4549,0.225518,20.7838,3.59212,,,,,,,,,,,,,,,,,,,,,,,,,,,,,,
2008-10,20.4776,46.0092,0.0120046,4.90125,25.3718,36.4999,0.255983,0.211555,24.212,4.3889,39.4869,17.791,,5.00529,3.74713,23.1642,0.24263,19.7985,3.70656,,,,,,,,,,,,,,,,,,,,,,,,,,,,,,
2008-11,17.7899,43.7851,0.0128214,4.61386,27.0981,34.4092,0.227076,0.226138,21.924,4.02479,40.7401,18.2626,,4.52767,3.47925,23.5267,0.279722,17.0621,3.96136,,,,,,,,,,,,,,,,,,,,,,,,,,,,,,
2008-12,18.1647,42.6292,0.012888,4.79387,27.606,35.7166,0.19513,0.229333,22.3603,4.01349,41.247,18.3052,,3.74319,3.466,23.0723,0.289675,17.6826,4.04034,,,,,,,,,,,,,,,,,,,,,,,,,,,,,,
2009-01,20.3743,42.4914,0.0133537,5.55943,29.3916,41.4275,0.242056,0.242475,24.2225,4.1997,45.4926,20.4677,,3.82952,3.798,27.8752,0.325723,19.3239,4.30867,,,,,,,,,,,,,,,,,,,,,,,,,,,,,,
2009-02,22.8318,50.3631,0.0130057,6.12243,35.4146,45.6636,0.308114,0.290212,28.8346,5.14314,53.2894,23.4814,,4.5564,4.29513,30.6408,0.396802,21.614,5.1778,,,,,,,,,,,,,,,,,,,,,,,,,,,,,,
2009-03,22.9468,50.7481,0.0125291,6.06738,35.7205,45.3543,0.314996,0.237054,28.4105,5.12865,52.6056,23.1216,,4.20241,3.95313,30.4237,0.36539,21.1039,5.22222,,,,,,,,,,,,,,,,,,,,,,,,,,,,,,
2009-04,23.3051,48.3833,0.0119462,6.03067,33.9032,44.8946,0.276073,0.224651,27.0274,5.02329,50.5185,22.3033,,4.21158,4.09256,29.5762,0.345282,20.0813,4.95936,,,,,,,,,,,,,,,,,,,,,,,,,,,,,,
2009-05,24.2524,49.0323,0.0116681,5.91059,32.974,43.9939,0.259812,0.21861,27.6604,5.04707,49.4066,22.3689,,4.06084,4.12985,29.1418,0.337675,20.8564,4.83178,,,,,,,,,,,,,,,,,,,,,,,,,,,,,,
2009-06,24.5736,49.7887,0.0111214,5.82949,30.9843,43.378,0.24898,0.205889,28.0477,4.83827,47.5659,21.4024,,4.05288,4.04104,28.6918,0.320533,20.0235,4.53763,,,,,,,,,,,,,,,,,,,,,,,,,,,,,,
2009-07,25.2219,51.8436,0.0109368,5.88017,31.0385,43.8512,0.243554,0.206222,26.9034,4.85242,48.1193,21.4443,,4.05732,4.03758,28.7234,0.325147,20.2153,4.54324,,,,,,,,,,,,,,,,,,,,,,,,,,,,,,
2009-08,25.7887,51.5649,0.010931,5.90148,31.1533,43.9978,0.241845,0.206683,28.8136,5.02602,48.3206,21.6132,,3.87961,4.2192,28.6599,0.326811,21.1567,4.55938,,,,,,,,,,,,,,,,,,,,,,,,,,,,,,
2009-09,26.6594,51.5803,0.0112667,6.10916,31.8397,45.4321,0.253652,0.211097,29.0058,5.27637,49.7947,22.0634,,3.76578,4.46234,30.012,0.342952,21.1855,4.66092,,,,,,,,,,,,,,,,,,,,,,,,,,,,,,
2009-10,26.3776,48.218,0.0108531,5.8881,30.0087,43.8877,0.24147,0.198812,27.7755,5.1442,47.3405,21.2106,,3.60898,4.28188,29.0135,0.334117,20.197,4.3954,,,,,,,,,,,,,,,,,,,,,,,,,,,,,,
2009-11,26.5186,48.0264,0.0105863,5.78362,29.0488,43.0678,0.233314,0.192676,27.2069,5.13212,46.1071,20.7833,,3.53392,4.14403,28.5044,0.3192,19.4554,4.25387,,,,,,,,,,,,,,,,,,,,,,,,,,,,,,
2009-12,26.6182,47.9168,0.0104451,5.87306,29.0687,43.7658,0.238034,0.195486,27.522,5.14992,46.8134,21.0125,,3.62679,4.17816,29.0194,0.338264,19.1267,4.25759,,,,,,,,,,,,,,,,,,,,,,,,,,,,,,
2010-01,27.1304,48.6886,0.0105395,5.83964,30.1851,43.4605,0.241259,0.203239,28.7559,5.22586,47.1488,21.5239,,3.7497,4.23258,29.2548,0.327015,20.1409,4.42149,,,,,,,,,,,,,,,,,,,,,,,,,,,,,,
2010-02,27.1903,49.2073,0.0105408,5.71124,30.4312,42.4637,,0.205686,28.6142,5.18446,47.3686,21.6746,,3.78969,4.15177,28.9683,0.337618,20.4099,4.45767,37.798,0.0808266,21.7381,16.2734,0.15668,0.657385,0.688099,59.9984,12.3143,2.40158,10.4646,10.2937,6.9635,10.6645,0.0199676,1.62213,2.71736,4.0107,0.0261943,,,,,,,,,,,
2010-03,26.8068,45.6474,0.0102178,5.48254,29.9484,40.8047,,0.203281,28.4735,5.0663,45.8983,21.3004,,3.73328,4.22005,27.8927,0.336688,19.3628,4.38734,37.1984,0.0779399,20.8525,16.58,0.151018,0.649569,0.669238,57.5157,11.8191,2.32428,10.3513,9.92129,6.85742,10.4715,0.0194805,1.57387,2.60836,3.88169,0.0258176,,,,,,,,,,,
2010-04,26.9914,44.4322,0.0099012,5.31634,29.4956,39.5713,,0.200691,28.9826,4.9299,44.8197,21.0472,,3.6999,4.06499,27.6461,0.316341,19.3034,4.32107,36.6359,0.073281,20.2385,16.4863,0.148361,0.654149,0.651908,55.8523,11.4631,2.38131,10.2415,9.68212,6.75343,10.3385,0.0189841,1.5542,2.52977,4.01202,0.0260688,,,,,,,,,,,
2010-05,27.145,44.8296,0.0098426,5.2102,29.1537,38.6986,,0.199042,29.081,4.94969,43.974,21.3471,,3.65885,4.03662,27.0242,0.309504,19.7251,4.27098,36.2879,0.0758224,19.8271,16.8616,0.14559,0.656689,0.644352,54.7796,11.2289,2.29542,9.93346,9.392,6.67423,10.2168,0.0186114,1.52203,2.47819,3.98084,0.0263037,,,,,,,,,,,
2010-06,26.0583,44.5392,0.0102433,5.08166,30.74,37.8133,,0.209579,29.279,4.75955,45.3209,21.9305,,3.87886,3.92522,26.5549,0.336195,19.515,4.50165,38.2529,0.0810547,19.3333,16.9385,0.137379,0.660436,0.668261,53.3681,10.95,2.37963,9.27412,9.0609,7.0332,10.7727,0.0194696,1.48431,2.41642,4.02198,0.0255714,,,,,,,,,,,
2010-07,26.7359,47.0519,0.0103529,5.13132,31.2554,38.2097,,0.211808,29.7699,4.83045,46.1061,22.3381,,3.94569,4.02444,28.8334,0.352253,19.7457,4.60369,38.8749,0.0852226,19.542,17.2615,0.133433,0.670789,0.679465,53.8886,11.0713,2.42855,9.22914,8.76213,7.13203,10.9649,0.0195959,1.48235,2.44316,4.08744,0.0255746,,,,,,,,,,,
2010-08,27.1471,47.167,0.0101434,5.29363,30.1869,39.4694,,0.204352,29.1802,4.96332,45.9339,22.1767,,3.82316,4.17442,29.0538,0.349466,19.9754,4.45682,37.5646,0.0814761,20.1676,17.1712,0.13858,0.64953,0.647093,55.6646,11.4236,2.4713,9.86307,9.27059,6.88947,10.5938,0.0188016,1.59335,2.52089,4.11647,0.0255086,,,,,,,,,,,
2010-09,27.4468,47.569,0.0102446,5.24412,30.8669,39.0127,,0.209487,29.0567,4.87829,46.5822,22.7481,,3.91364,4.1533,30.2202,0.36583,20.1995,4.53325,38.4108,0.0849158,19.9618,17.548,0.136293,0.656079,0.66167,55.0605,11.3082,2.53735,9.75658,9.18576,7.04434,10.8172,0.0191362,1.57296,2.49555,4.1883,0.0257275,,,,,,,,,,,
2010-10,29.5423,48.3533,0.0101337,5.56698,30.5126,41.4392,,0.206746,29.555,5.20728,47.3638,23.1806,,3.84386,4.53207,31.1926,0.3661,21.0026,4.56079,38.003,0.0846397,21.2114,17.9433,0.149476,0.6846,0.654075,58.4869,12.0133,2.56408,10.4121,9.70287,6.9619,10.693,0.0188326,1.68736,2.6511,4.37526,0.0267596,,,,,,,,,,,
2010-11,29.9879,48.9774,0.0102198,5.72562,30.7821,42.7256,,0.20865,30.1047,5.18741,48.3144,23.6931,,3.87172,4.54375,31.2255,0.381651,21.4719,4.611,38.4296,0.0862244,21.8297,18.0593,0.15608,0.691267,0.659367,60.1918,12.3673,2.60314,10.7221,10.0017,7.01954,10.7875,0.0189277,1.73342,2.72908,4.38367,0.0273716,,,,,,,,,,,
2010-12,30.1554,48.7706,0.0103343,5.51122,31.3335,41.0814,,0.212229,30.7493,5.07919,47.9829,23.7771,,3.93316,4.47296,31.4941,0.373218,20.896,4.70212,39.1767,0.0874017,21.001,18.2352,0.144885,0.681533,0.668808,57.875,11.8971,2.56175,10.0715,9.55902,7.12157,10.9931,0.0191771,1.652,2.62508,4.39824,0.0270198,,,,,,,,,,,
2011-01,30.8938,47.0008,0.0101135,5.43079,30.3505,40.4876,,0.205829,30.3778,5.18236,46.7407,23.6559,,3.80929,4.51241,32.3877,0.372925,19.6126,4.60638,37.9476,0.0837833,20.7015,18.2878,0.145232,0.677089,0.644395,57.0284,11.7251,2.49891,10.2176,9.45381,6.8933,10.653,0.0185064,1.61637,2.58762,4.57913,0.0270878,,,,,,,,,,,
2011-02,29.617,47.2686,0.0098944,5.44325,29.8018,40.5811,,0.20272,29.7572,5.109,46.619,23.2101,,3.75101,4.56034,31.6367,0.362972,18.4566,4.51201,37.3972,0.0819857,20.7432,17.6939,0.147936,0.64857,0.630459,57.6326,11.7506,2.48038,10.2807,9.52987,6.76883,10.4586,0.0180525,1.67022,,4.1494,0.0265743,,,,,,,,,,,
2011-03,29.3508,46.5884,0.009561,5.33814,28.9028,39.8136,,0.197992,29.6014,5.13216,45.365,22.7295,,3.6413,4.51599,31.1184,0.353789,18.008,4.39954,36.3374,0.079436,20.3498,17.3768,0.146166,0.638983,0.608756,56.4949,11.5759,2.42473,10.0371,9.44814,6.5465,10.1438,0.017364,1.62961,,4.13577,0.0256492,,,,,,,,,,,
2011-04,29.4515,46.048,0.00936185,5.42154,28.5162,40.3875,,0.195672,29.3648,5.1302,45.047,22.6301,,3.57682,4.52322,31.0905,0.344794,18.4332,4.35408,35.8514,0.0774371,20.6729,17.5086,0.15165,0.638661,0.603584,57.0096,11.7095,2.38759,10.0764,9.84641,6.38632,9.99341,0.0169969,1.64762,,4.20357,0.0260149,,,,,,,,,,,
2011-05,30.0104,45.8242,0.00912482,5.47101,27.5022,40.8078,,0.188863,28.8858,5.23851,44.5445,22.4215,,3.45288,4.58286,31.4959,0.337181,18.0401,4.23678,34.7425,0.0732903,20.8619,17.3866,0.154472,0.619977,0.587183,57.5119,11.8162,2.39618,10.3571,10.0208,6.104,9.63806,0.0162584,1.69047,,4.15316,0.0256706,,,,,,,,,,,
2011-06,29.9335,46.2518,0.00562083,5.40404,27.9805,40.2444,,0.192405,28.8221,5.20577,44.5724,22.7207,,3.50655,4.53647,32.8718,0.342604,17.5636,4.31844,35.4453,0.074565,20.5996,17.6144,0.151111,0.621375,0.612289,56.7786,11.6712,2.3998,10.184,9.77963,6.13244,9.80465,0.0164419,1.64615,,4.06687,0.0259283,,,,,,,,,,,
2011-07,29.9463,44.8805,0.00561382,5.42279,27.8726,40.4153,,0.191105,28.8208,5.2006,44.5206,22.6883,,3.48909,4.42457,33.4485,0.346868,17.2266,4.31231,35.4298,0.0744759,20.6816,17.7804,0.152409,0.623653,0.616559,57.0108,11.7146,2.38891,10.1562,9.59074,5.97163,9.76786,0.0162898,1.66862,,4.12317,0.0261065,,,,,,,,,,,
2011-08,30.2704,45.1648,0.00559071,5.30007,27.6796,39.5182,,0.189139,29.1088,5.10383,44.3283,22.9421,,3.46125,4.33958,34.5132,0.356696,16.4711,4.29687,35.1889,0.0739602,20.1894,17.6641,0.146422,0.626874,0.619196,55.671,11.4336,2.43658,9.8301,9.29563,5.86532,9.71044,0.0160467,1.63191,,4.08326,0.026254,,,,,,,,,,,
2011-09,30.8775,47.1379,0.00567546,5.6016,28.9278,41.7631,,0.197338,29.5967,5.39728,46.5257,24.0344,,3.62005,4.55176,35.4507,0.377672,16.7561,4.53506,36.8507,0.0788223,21.3411,18.1218,0.153341,0.630647,0.647118,58.8442,12.0855,2.56082,10.0479,9.88444,6.08699,10.1501,0.0166814,1.73251,,4.10341,0.0271215,,,,,,,,,,,
2011-10,31.288,49.9471,0.00569326,5.83214,32.11,43.4191,,0.216864,30.8217,5.49951,50.3241,24.7514,,4.01561,4.68219,35.5908,0.418781,17.2634,5.03142,40.9828,0.0860858,22.1892,17.4274,0.148116,0.653506,0.713543,61.1969,12.5685,2.71199,9.78188,9.97174,6.75843,11.2873,0.0183843,1.75989,,4.01546,0.0271865,,,,,,,,,,,
2011-11,31.8386,48.1841,0.00354406,5.6706,30.1245,42.1833,,0.20384,30.1577,5.49607,48.1079,24.1286,,3.76321,4.67249,34.5425,0.381468,17.1523,4.74066,38.3459,0.0795892,21.5792,18.0117,0.140644,0.617052,0.66066,59.9254,12.2229,2.61468,9.74083,9.75408,6.33693,10.5793,0.0171006,1.70973,,3.85229,0.027138,,,,,,,,,,,
2011-12,31.2431,48.8303,0.00365117,5.60246,31.4001,41.7559,,0.212572,30.3383,5.34442,48.8118,24.1818,,3.91498,4.52771,33.9791,0.402927,16.8999,4.92844,39.9645,0.0821992,21.3026,17.019,0.134828,0.600356,0.670501,59.6733,12.0668,2.64489,9.17461,9.56183,6.59818,11.0369,0.0176383,1.62606,,3.71173,0.0273997,,,,,,,,,,,
2012-01,32.7209,49.6335,0.00385582,5.60615,32.1961,41.6714,,0.216874,31.5679,5.36423,49.2729,24.7662,,4.00549,4.66124,34.2366,0.414978,16.8258,5.11106,40.9776,0.083735,21.3036,17.2568,0.134268,0.604451,0.695628,59.5893,12.0684,2.7518,9.46916,9.66734,6.76559,11.2949,0.0179365,1.61757,,3.95233,0.0278272,,,,,,,,,,,
2012-02,32.241,47.728,0.00362164,5.37581,30.3131,39.9678,,0.204039,30.3131,5.22163,46.9071,24.1442,,3.7731,4.50592,33.1472,0.397393,17.0394,4.80109,38.5859,0.0783284,20.4335,17.3406,0.135568,0.611521,0.648052,57.1622,11.5747,2.57545,9.40904,9.21315,6.37111,10.6868,0.0167645,1.58305,,3.87953,0.026957,,,,,,,,,,,
2012-03,31.3763,46.2286,0.00359669,5.25754,29.0253,39.1029,,0.196475,29.2152,5.22526,45.128,23.278,,3.63066,4.43067,32.4305,0.361079,16.5887,4.61129,36.9702,0.0746152,19.9885,17.1241,0.134744,0.592861,0.624334,55.947,11.3212,2.46866,9.45788,8.99229,6.09852,10.1825,0.0158791,1.56978,,3.88459,0.0259944,,,,,,,,,,,
2012-04,30.5307,46.972,0.00363423,5.26926,29.3282,39.1707,,0.198371,29.4253,5.14358,45.3141,23.3338,,3.65165,4.43225,32.5255,0.356986,16.4442,4.6563,37.337,0.0750082,20.0398,16.0905,0.132587,0.574162,0.626113,55.9485,11.3517,2.48124,9.43484,8.95955,6.1619,10.2949,0.015909,1.58283,,3.81545,0.0258843,,,,,,,,,,,
2012-05,30.7516,47.7672,0.00364754,5.23418,29.3627,38.9203,,0.198712,29.965,5.13002,45.4949,23.7294,,3.65476,4.37173,32.3913,0.365799,16.6758,4.65343,37.3952,0.0748094,19.8975,15.5679,0.135772,0.559716,0.626312,55.6006,11.2704,2.51339,9.33542,8.86154,6.17045,10.2937,0.0158191,1.56689,,3.79143,0.0259532,,,,,,,,,,,
2012-06,32.0384,51.0021,0.00394219,5.49638,32.9173,40.8076,,0.222347,32.0332,5.42331,49.7571,25.5867,,4.07367,4.55218,34.002,0.417441,17.8028,5.16625,41.9489,0.081127,20.8853,16.328,0.136084,0.583537,0.701335,58.5092,11.8314,2.7303,9.31235,9.13659,6.90684,11.5083,0.0175893,1.59221,,3.87303,0.0279204,,,,,,,,,,,
2012-07,33.3945,51.3552,0.00393488,5.55861,32.8169,41.323,,0.219621,32.0259,5.48255,49.5732,25.8441,,4.06225,4.71595,34.3848,0.411652,18.076,5.16436,41.8263,0.0785093,21.1204,15.8001,0.143525,0.583204,0.695761,59.3112,11.9652,2.69212,9.7123,9.29262,6.88621,11.5127,0.0174118,1.61167,,3.94795,0.0286473,,,,,,,,,,,
2012-08,33.8354,50.5663,0.00390373,5.31168,32.2058,39.5101,,0.21467,32.1576,5.32997,48.5599,25.8598,,3.97735,4.73448,32.8933,0.411655,17.8971,5.05316,41.0474,0.0790326,20.2019,15.7786,0.141754,0.577579,0.683069,56.7403,11.4432,2.57235,9.60822,8.65957,6.75953,11.2983,0.0169449,1.56422,,3.91893,0.0284838,,,,,,,,,,,
2012-09,33.5797,51.4069,0.0038724,5.46874,32.5669,40.7249,,0.21762,32.8461,5.60214,49.5121,26.0306,,4.01095,4.87784,33.9274,0.415156,17.8743,5.12978,41.5235,0.0798208,20.8321,15.8948,0.143255,0.584894,0.706834,58.5104,11.8017,2.61267,9.7064,9.13774,6.83547,11.4258,0.0169466,1.64193,,3.84952,0.0287135,,,,,,,,,,,
2012-10,32.3298,50.2245,0.00366314,5.36165,30.9169,39.9786,,0.205982,31.5769,5.4224,47.6058,25.2403,,3.79442,4.73997,33.0344,0.398979,17.2672,4.91634,39.4097,0.07615,20.4369,15.23,0.140845,0.58716,0.658218,57.413,11.5781,2.49535,9.69607,8.82709,6.48901,10.8461,0.0159481,1.59218,,3.75579,0.0278082,,,,,,,,,,,
2012-11,32.5665,50.4593,0.00367811,5.44872,31.3743,40.6548,,0.208052,31.3963,5.47077,48.2612,25.6998,,3.83643,4.72142,33.6381,0.393828,17.4787,5.02914,40.008,0.0772766,20.7804,15.45,0.143164,0.580414,0.665621,58.3817,11.7736,2.55697,9.84107,8.95002,6.58557,11.0066,0.0160383,1.62654,,3.63019,0.0287595,,,,,,,,,,,
2012-12,32.1605,49.4763,0.00359103,5.37779,30.811,40.0759,,0.204697,31.0407,5.43663,47.2795,25.2549,,3.76212,4.63428,33.3056,0.373603,17.2572,4.94845,39.2947,0.0759546,20.5106,14.6803,0.143407,0.565184,0.651977,57.623,11.622,2.49365,9.80836,8.8936,6.45974,10.8059,0.0156446,1.59292,,3.51175,0.0284602,,,,,,,,,,,
2013-01,31.5481,48.9638,0.00353376,5.39451,30.3727,40.2286,,0.202107,30.5407,5.4532,46.8189,24.8305,,3.759,4.66877,33.2888,0.351516,16.9651,4.87406,38.7407,0.0753665,20.5735,14.8631,0.137967,0.554297,0.640753,57.6989,11.6554,2.51014,9.86928,9.08247,6.37279,10.6515,0.0153011,1.6043,,3.57229,0.0283777,,,,,,,,,,,
2013-02,31.2137,47.4975,0.00347811,5.454,30.0161,40.7138,,0.19898,29.9293,5.47539,46.2443,24.2417,,3.69429,4.7236,32.9485,0.330319,16.9746,4.82628,38.3005,0.0738403,20.8041,15.104,0.138594,0.562679,0.628352,58.1933,11.784,2.48993,9.6608,9.26308,6.30392,10.5301,0.0150193,1.58849,,3.31274,0.0275605,,,,,,,,,,,
2013-03,31.3515,46.3056,0.00354178,5.37834,30.5124,40.1024,,0.202936,29.8439,5.36435,46.2046,24.6904,,3.74477,4.74488,32.8231,0.330203,16.9513,4.90427,38.9139,0.0746024,20.5084,15.4626,0.135698,0.564835,0.641453,57.2788,11.622,2.48574,9.6284,9.18274,6.41799,10.7012,0.0153522,1.56462,,3.45061,0.0281641,,,,,,,,,,,
2013-04,32.3827,47.2064,0.00358104,5.34152,31.0834,39.8023,,0.206,30.5969,5.32478,46.5636,25.0774,,3.81626,4.76024,32.7194,0.330428,17.1637,5.00594,39.6472,0.0741847,20.3612,15.3711,0.130836,0.572596,0.64802,56.7733,11.5363,2.50673,9.51785,9.01778,6.53796,10.9045,0.0152109,1.54463,,3.36218,0.0279779,,,,,,,,,,,
2013-05,32.1391,48.0892,0.00359714,5.44295,31.0433,40.6264,,0.205313,30.6631,5.32356,46.8518,25.1546,,3.82189,4.73329,33.1129,0.317497,17.2847,5.03541,39.6061,0.0756231,20.7481,15.4521,0.135194,0.572279,0.64443,57.9815,11.7575,2.52487,9.79006,9.39681,6.52568,10.8752,0.0150294,1.577,,3.45417,0.0281758,,,,,,,,,,,
2013-06,30.5769,48.3264,0.00365914,5.55354,31.7979,41.4486,,0.209922,30.797,5.43322,47.5941,25.1546,,3.90446,4.82649,33.2997,0.31613,16.8573,5.18312,40.5689,0.0761854,21.1676,15.068,0.139753,0.561255,0.659297,59.0161,11.9978,2.54332,9.65885,9.47184,6.68585,11.1435,0.0152838,1.60701,,3.09749,0.0281375,,,,,,,,,,,
2013-07,30.2329,49.9139,0.00372116,5.71976,32.709,42.718,,0.215673,31.19,5.41423,49.1865,25.8815,,4.01067,4.86444,34.5688,0.330711,17.0005,5.3259,41.7366,0.079778,21.8162,14.8765,0.144794,0.549223,0.672459,60.7974,12.3612,2.63156,9.87352,9.59546,6.86515,11.4347,0.015598,1.64004,,3.28295,0.0286449,,,,,,,,,,,
2013-08,29.7958,50.2498,0.00371366,5.87797,33.033,43.7786,,0.215164,32.0242,5.55027,50.0364,25.9469,,4.0676,5.02961,35.5767,0.337605,17.0969,5.38857,42.1501,0.0803723,22.4028,14.4932,0.146112,0.540948,0.675874,62.3382,12.6923,2.60307,10.3403,9.9638,6.92806,11.5905,0.0156517,1.69796,,3.35217,0.0294089,,,,,,,,,,,
2013-09,29.7531,51.5966,0.00368801,5.89985,33.2474,44.0129,,0.216899,31.583,5.45245,50.4094,26.1174,,4.09325,5.04528,35.7422,0.339276,16.3611,5.43276,42.4182,0.0818901,22.4994,14.0891,0.146765,0.498873,0.682548,62.6364,12.7487,2.59462,10.2978,9.9101,6.9742,11.627,0.0156311,1.71026,,3.21744,0.029954,,,,,,,,,,,
2013-10,30.2133,52.429,0.0035677,5.87721,32.4839,43.8143,,0.211209,31.495,5.41443,49.7858,25.8424,,3.9658,5.05326,35.8423,0.331943,15.9017,5.30869,41.4494,0.0800096,22.4104,14.3951,0.146552,0.516889,0.668122,62.3731,12.6935,2.49563,10.3845,9.82485,6.8119,11.3979,0.0152513,1.706,,3.2018,0.0302316,,,,,,,,,,,
2013-11,30.4399,51.3854,0.00346578,5.8925,32.0758,43.9406,,0.208014,30.6067,5.42683,49.5103,25.8843,,3.91765,4.99966,35.6042,0.326189,16.0507,5.26351,40.9443,0.0791604,22.4683,14.6867,0.14943,0.522514,0.66132,62.5381,12.7305,2.49812,10.5167,9.91892,6.72096,11.2232,0.0147306,1.70725,,3.22493,0.0302339,,,,,,,,,,,
2013-12,30.201,54.2484,0.0035499,6.05487,33.1916,45.187,,0.215663,31.3276,5.44803,50.9561,26.437,,4.0443,5.06309,36.6475,0.324755,16.4739,5.44705,42.3741,0.0820559,23.0882,14.3185,0.150696,0.531533,0.678072,64.2377,13.082,2.53178,10.7569,10.1824,6.95243,11.6237,0.0151352,1.65136,,3.25791,0.031351,,,,,,,,,,,
2014-01,29.1544,53.8542,0.00342334,6.03918,32.6587,45.0559,,0.21176,30.6885,5.37282,50.2944,25.8131,,3.96343,5.08592,36.7613,0.311228,15.4087,5.39608,41.6884,0.0805393,23.0331,13.8261,0.15182,0.527796,0.663161,64.2382,13.0499,2.50354,10.862,10.0727,6.84081,11.458,0.0146452,1.6437,,3.12314,0.0309349,,,,,,,,,,,
2014-02,30.8529,57.9661,0.00364182,6.38603,35.18,47.6408,,0.226231,31.4613,5.62439,54.0453,27.59,,4.1856,5.39339,38.9288,0.343169,15.5974,5.80432,44.924,0.0865437,24.3679,14.5866,0.154072,0.562925,0.697797,,13.8037,2.61879,11.2576,10.582,7.38378,12.3439,0.0158468,1.72569,,3.14697,0.032559,,,,,,,,,,,
2014-03,32.4432,60.461,0.0036942,6.65025,36.1847,49.5839,,0.196347,32.5373,5.99412,55.7736,28.5526,,3.38175,5.56234,40.7623,0.355414,16.3119,5.88254,46.1952,0.0875613,25.375,15.5841,0.159929,0.583154,0.690075,,14.3756,2.69119,11.9166,11.0353,7.60534,12.6964,0.0161107,1.81532,,3.37418,0.0338967,,,,,,,,,,,
2014-04,32.9029,59.2579,0.00360013,6.55739,35.6053,48.968,,0.195537,32.2132,5.92198,54.9657,28.238,,3.16492,5.47378,40.1367,0.345766,16.4489,5.72488,45.4613,0.085972,25.0318,15.7309,0.158988,0.594264,0.65344,,14.1786,2.64527,11.7389,10.9717,7.41484,12.4931,0.0156852,1.78473,,3.36312,0.0334353,,,,,,,,,,,
2014-05,33.1578,60.057,0.00357585,6.60699,35.7227,49.3188,,0.196219,32.5997,5.95974,55.392,28.4281,,3.11989,5.43849,40.4103,0.348667,16.8067,5.70186,45.6112,0.0863911,25.2137,15.9754,0.159897,0.591729,0.662003,,14.2868,2.64613,11.7493,11.0864,7.34627,12.533,0.0156941,1.79728,,3.37714,0.0345782,,,,,,,,,,,
2014-06,32.3385,58.1571,0.00344595,6.336,34.7352,47.2677,,0.189303,32.0465,5.81888,53.5193,27.6907,,2.94366,5.22177,38.7151,0.341731,16.5927,5.56288,44.3447,0.0840029,24.1771,15.6022,0.156026,0.588583,0.664528,,13.6963,2.51431,11.4069,10.74,7.07395,12.1865,0.0151257,1.72161,,3.32649,0.0340491,,,,,,,,,,,
2014-07,31.806,57.615,0.00331798,6.19355,33.8434,46.1827,,0.184418,31.6678,5.50595,52.2583,27.0942,,2.88029,5.02083,37.9836,0.333679,15.9331,5.45474,43.2117,0.0830513,23.6073,15.4275,0.149037,0.563259,0.649897,,13.3768,2.41308,11.11,10.5228,6.75517,11.8728,0.0147374,1.68204,,3.1957,0.0334504,,,,,,,,,,,
2014-08,32.9982,59.9213,0.00343448,6.36528,35.4438,47.4699,,0.19364,32.4845,5.65301,54.3417,28.4096,,2.89692,5.14372,38.9835,0.344583,16.627,5.74296,45.2609,0.0871926,24.2649,15.7745,0.152217,0.587645,0.684881,,13.7464,2.5582,11.3975,10.7503,7.06812,12.4364,0.015224,1.72296,,3.31684,0.0344784,,,,,,,,,,,
2014-09,34.5569,61.3028,0.0035409,6.52767,36.9316,48.6315,,0.20291,34.0289,5.97763,56.0681,29.5926,,2.73567,5.29766,40.3404,0.355744,17.098,6.01002,47.0466,0.0897487,24.8731,16.4873,0.154203,0.609936,0.697578,,14.0928,2.63468,11.5149,11.0293,7.31884,12.9571,0.015888,1.74957,,3.4805,0.0364307,,,,,,,,,,,
2014-10,34.4173,64.0535,0.00371193,6.71125,39.3836,49.9817,,0.216471,35.3089,6.11708,58.5768,30.9231,,3.0412,5.44145,41.3911,0.359815,17.2849,6.40957,50.2855,0.0965521,25.5423,16.0966,0.160491,0.639396,0.722367,,14.4708,2.75699,11.9598,11.3357,7.73091,13.8174,0.0166358,1.81508,,3.49778,0.037341,,,,,,,,,,,
2014-11,36.9943,67.1319,0.00391078,7.08518,41.9627,52.7219,,0.232011,37.4299,6.25805,62.1375,32.7195,,3.22728,5.71076,43.743,0.377345,19.093,6.8645,53.5375,0.102074,26.9683,17.4474,0.171725,0.683487,0.731715,,15.2758,2.86337,12.5232,11.9402,8.21719,14.7212,0.017602,1.9016,,3.86443,0.0393519,,,,,,,,,,,
2014-12,41.9138,77.3813,0.00453327,8.24534,49.322,61.4108,,0.272542,43.3333,7.05406,72.2192,37.8149,,3.2831,6.61516,51.0316,0.417135,22.2924,8.02832,62.9911,0.113671,31.3653,19.4918,0.199571,0.794939,0.8566,,17.7718,3.28813,14.6696,13.8802,9.43366,17.3041,0.0205415,2.22041,,4.46992,0.0444783,,,,,,,,,,,
2015-01,46.0642,87.5451,0.00387846,9.18165,56.2376,68.3681,,0.308143,48.4932,7.56838,81.4534,42.5301,,3.55525,7.26068,56.8459,0.469998,24.1789,9.06167,71.6951,0.118645,34.9562,21.1618,0.217343,0.889906,0.955017,,,3.6044,15.9607,15.2492,10.7564,19.7304,0.0232157,2.46559,,4.8648,0.0516434,,,,,,,,,,,
2015-02,53.5303,104.0071,0.00441005,10.4992,68.9291,78.1105,,0.373711,54.4636,8.80816,97.117,51.0472,,4.32993,8.33736,74.4938,0.584888,28.606,11.0264,88.0208,0.144809,39.9612,26.4725,0.251428,1.11302,1.15247,,,3.82939,18.5438,17.5934,12.4851,19.4166,0.0282942,2.81194,,5.96634,0.0629524,,,,,,,,,,,
2015-03,47.8839,94.4811,0.00409845,9.20121,61.2718,68.6857,,0.330663,49.0803,8.03196,86.6494,45.1225,,2.07701,7.30897,64.6395,0.513487,24.5185,9.77284,58.4766,0.128103,35.1249,21.0665,0.226849,0.990732,0.999312,,,3.32096,16.5658,15.504,11.0769,17.5137,0.0248064,2.49926,,5.32752,0.0557711,,,,,,,,,,,
2015-04,43.8774,85.1606,0.00392177,8.29329,57.65,62.0487,,0.310447,45.2725,7.12318,79.7588,41.9303,,2.45842,6.68011,59.1768,0.479897,22.0771,9.29884,54.9833,0.122269,31.6671,17.8516,0.207247,0.921,0.902564,,,3.20278,15.1647,14.0575,9.93366,16.4738,0.0231619,2.25266,,4.72405,0.0519484,,,,,,,,,,,
2015-05,40.7014,79.1168,0.00358366,7.69456,51.1388,57.1578,,0.275236,42.5802,6.85295,71.4429,38.6683,,2.40653,6.20361,54.7173,0.430371,19.2229,8.24394,48.764,0.107097,29.3564,17.2825,0.189053,0.802681,0.851313,,,2.81756,14.2357,12.9857,8.18876,14.6153,0.0205956,2.09234,,4.33736,0.0476277,,,,,,,,,,,
2015-06,40.5127,81.0465,0.00356112,7.78239,52.9716,58.0145,,0.284855,42.5475,6.81508,73.6099,39.2848,,2.5105,6.2426,56.108,0.427794,19.8589,8.54629,50.478,0.110243,29.6826,16.76,0.187503,0.830406,0.910991,,,2.92177,14.0363,13.0549,8.45584,15.1347,0.0208961,2.11755,,4.35873,0.0477493,,,,,,,,,,,
2015-07,42.8582,87.7602,0.00365813,8.35898,55.8413,62.3803,,0.299883,45.0115,7.08466,78.3582,41.527,,2.65911,6.76955,59.9606,0.457228,20.7743,9.0055,53.2684,0.117958,31.8802,17.8721,0.19804,0.875667,0.899523,,,2.95691,14.8763,13.8985,8.91464,15.9775,0.0218557,2.28764,,4.56164,0.0500514,,,,,,,,,,,
2015-08,43.9016,93.9403,0.0039649,8.84537,60.3458,66.0002,,0.321947,46.2988,7.36598,84.1444,43.8623,,2.85323,6.99954,62.5864,0.485798,21.6223,9.71815,57.412,0.126246,33.7486,17.8935,0.21347,0.941506,0.96092,,,3.21844,15.9106,14.9775,9.64144,17.2515,0.0234353,2.43989,,4.73672,0.0514986,,,,,,,,,,,
2015-09,47.5679,102.8215,0.00383862,10.0257,66.7152,74.8478,,0.27856,50.3055,8.01259,93.941,47.2119,,3.06737,7.88326,69.3073,0.550297,22.8289,10.4586,63.6595,0.13827,38.2497,18.6007,0.23778,1.00513,1.06591,,,3.50211,17.6668,16.8925,10.6565,19.0642,0.0257389,2.76769,,5.00065,0.056415,,,,,,,,,,,
2015-10,46.1272,99.663,0.00371917,9.89544,65.7364,73.776,,0.242588,49.0241,7.79523,92.3432,46.1859,,3.08549,7.86283,67.5258,0.547142,21.7196,10.3424,62.7256,0.139272,37.7405,16.194,0.235606,0.999869,0.954973,,,3.27291,17.4136,16.7136,10.2505,18.7818,0.0250902,2.71621,,4.75933,0.0555126,,,,,,,,,,,
2015-11,45.7701,98.7436,0.00369012,9.4929,64.3742,70.7537,,0.229859,48.9389,7.50081,89.6829,45.9652,,2.79281,7.55787,65.1495,0.533186,22.0361,10.189,61.3497,0.136386,36.1958,16.7275,0.22831,0.987865,0.930263,,,3.21871,16.5768,15.9619,9.88927,18.3926,0.0240831,2.61365,,4.66037,0.0565644,,,,,,,,,,,
2015-12,48.0707,100.2857,0.0036957,9.47309,66.737,70.6478,,0.216996,49.867,7.66132,91.6673,47.2876,,2.80998,7.62944,64.7932,0.543218,22.8786,10.4306,63.4865,0.137886,36.1326,17.3505,0.226673,1.00025,0.91383,,,3.34437,16.5609,15.8697,10.0956,19.0677,0.0242642,2.61447,,4.63915,0.0576303,,,,,,,,,,,
2016-01,53.3701,108.2426,0.00390417,10.6727,72.9299,79.6395,,0.213821,52.5129,8.27752,101.1436,51.6428,,3.0352,8.67139,73.6517,0.605806,24.9863,11.2304,46.6871,0.151464,40.7157,18.4129,0.254315,1.10224,0.949237,,,3.69921,18.7293,17.6347,10.8907,21.45,0.0264911,2.94714,,4.6813,0.062002,,,,,,,,,,,
2016-02,53.4851,107.97,0.00360971,10.9744,75.1723,81.9077,,0.206961,53.706,8.71452,103.9189,52.8452,,2.95954,8.82511,73.8359,0.622236,25.3464,11.4277,46.9592,0.153727,41.8787,18.4644,0.261469,1.10678,0.990543,,,3.68041,18.3957,18.0369,9.57975,22.1193,0.0267422,3.03041,,4.66839,0.0625472,,,,,,,,,,,
2016-03,54.1542,105.2876,0.00353185,11.1214,75.8994,83.1023,,0.21701,56.0143,8.71165,105.3863,53.9672,,2.80072,8.871,76.0439,0.671706,25.6226,11.5928,48.4825,0.154613,42.4043,18.991,0.266407,1.10794,1.01036,,,3.78551,18.9967,18.5501,9.67611,22.3431,0.0266782,3.06819,,4.70114,0.0612766,,,,,,,,,,,
2016-04,51.9839,97.4469,0.00336834,10.3332,67.8552,76.9207,,0.197414,52.313,8.17907,95.4451,50.3414,,2.58496,8.34217,70.4038,0.603345,23.9771,10.4916,44.0018,0.141218,39.3637,18.8696,0.24523,1.02516,0.943678,,,3.47085,18.0447,17.2112,8.62256,20.0163,0.0238088,2.84616,,4.56344,0.0594689,,,,,,,,,,,
2016-05,49.0735,93.9782,0.00334721,9.83631,64.3334,73.3015,,0.196618,51.3558,7.93896,90.9327,47.8885,,2.55291,7.98389,66.7844,0.600994,22.9361,9.92263,42.7266,0.134476,37.4314,18.4516,0.234725,0.967601,0.945107,,,3.26565,16.6086,16.3507,8.17295,19.0167,0.0221916,2.70707,,4.52612,0.0563547,,,,,,,,,,,
2016-06,47.7219,96.2687,0.00333483,9.87302,65.9962,73.4406,,0.19654,50.5021,7.87704,92.7794,47.7922,,2.62358,7.91872,66.5418,0.594319,22.3156,10.0228,44.3195,0.138096,37.5384,18.5086,0.233685,0.98121,0.966289,,,3.31556,16.7563,16.2942,8.39113,19.5689,0.0222584,2.71617,,4.16432,0.055398,,,,,,,,,,,
2016-07,47.7466,86.4701,,9.59433,64.1755,71.2926,,0.189448,49.5564,7.65434,89.5807,47.5621,,2.5846,7.57555,65.5789,0.624184,22.2368,9.65975,41.3769,0.134399,36.4882,19.781,0.225478,0.950185,0.950945,,,3.23792,16.1273,15.7935,8.18565,19.08,0.0218062,2.63273,,4.34696,0.0555995,31.8884,,,,,,,,,,
2016-08,50.275,88.3534,,9.99899,67.0512,74.3799,,0.190273,50.885,7.8362,93.2226,49.6051,,2.70368,7.76307,68.5805,0.645934,22.2436,10.0753,41.8808,0.140569,38.0324,20.3822,0.238163,0.999832,0.992215,,,3.3968,17.0367,16.6574,8.52526,19.9587,0.0227292,2.74913,,4.74121,0.0596732,33.618,,,,,,,,,,
2016-09,49.1098,85.7888,,9.77083,65.2535,72.6859,,0.191699,49.8423,7.83609,91.0834,47.8644,,2.50013,7.64791,66.3482,0.632148,22.0787,9.77127,39.9813,0.137376,37.1794,20.153,0.234788,0.974151,0.947089,,,3.31236,16.6838,16.3109,8.31255,18.6759,0.0218239,2.6912,,4.5201,0.0585469,33.3096,,,,,,,,,,
2016-10,48.257,82.1359,,9.51849,63.396,70.9338,,0.188946,48.1659,7.88782,88.6466,46.4304,,2.44348,7.37789,65.4714,0.627373,21.0968,9.50422,38.8147,0.133676,36.2594,19.4448,0.229405,0.95182,0.933192,,,3.21318,16.4306,15.9067,8.07078,18.165,0.0210618,2.62439,,4.53885,0.0575799,32.9415,,,,,,,,,,
2016-11,48.1211,77.0304,,9.31407,63.2174,69.2863,,0.188664,47.2442,7.66467,86.7159,45.4279,,2.47911,7.02533,63.9335,0.602271,20.3415,9.33705,38.1149,0.132949,35.4258,19.7191,0.223569,0.947496,0.920865,,,3.1522,15.9886,15.3821,8.03271,18.0394,0.0203784,2.56366,,4.60098,0.0552718,33.2111,,,,,,,,,,
2016-12,48.7982,81.4499,,9.328,65.2382,69.3417,,0.19092,48.5439,7.64316,88.2086,45.7812,,2.54837,7.11772,64.2804,0.578712,19.0895,9.47321,37.2088,0.135743,35.4806,18.9102,0.22309,0.953148,0.943342,,,3.21608,15.6368,15.3578,8.258,18.6784,0.0207105,2.5645,,4.65821,0.0557156,32.9652,,,,,,,,,,
2017-01,43.8064,74.5595,,8.58118,60.6569,63.8111,,0.181637,44.971,7.02837,81.2857,41.922,,2.23826,6.66735,59.4151,0.518324,17.2023,8.72824,33.6665,0.125195,32.6183,18.6367,0.205113,0.893656,0.874012,,,3.05269,14.4445,14.0722,7.68295,17.3553,0.0189257,2.36083,,4.45156,0.05044,30.9474,,,,,,,,,,
2017-02,45.3943,75.1484,,8.66067,60.0851,64.285,,0.185743,45.8385,7.23934,81.3787,42.3642,,2.21634,6.81855,60.4356,0.528662,15.8808,8.73114,31.063,0.123632,32.936,19.2149,0.207329,0.886335,0.869113,,,3.00726,14.8692,14.3162,7.6009,17.1917,0.0184593,2.38405,,4.44663,0.0516499,31.0598,,,,,,,,,,
2017-03,44.5038,72.065,,8.25879,57.9627,61.3883,,0.185377,43.9878,6.92398,78.4085,41.337,,2.13333,6.41102,57.5312,0.515614,16.057,8.43879,32.8531,0.119142,31.3821,18.6435,0.199267,0.868583,0.836982,,,2.9127,14.2215,13.5999,7.21378,16.5845,0.0173385,2.2718,,4.45244,0.0513233,30.7658,,,,,,,,,,
2017-04,42.849,69.7605,,8.04725,55.9606,59.8107,,0.178432,41.9558,6.52548,76.1019,40.0319,,2.0707,6.26651,55.983,0.500162,15.3599,8.12035,32.6301,0.115741,30.5946,17.7703,0.193803,0.862824,0.81567,,,2.87125,14.1805,13.1582,6.70588,16.0116,0.0155749,2.21249,,4.15588,0.0500309,29.8935,7.20232,,,,,,,,,
2017-05,42.6125,73.6231,,8.34585,56.9838,62.044,,0.181226,41.7464,6.67195,78.016,40.8135,,2.14669,6.44169,57.3393,0.511823,16.0238,8.2614,33.4707,0.117614,31.737,17.9054,0.199265,0.887633,0.847437,,,2.96945,14.7188,13.6944,6.4828,16.3067,0.0153802,2.30526,,4.28343,0.0501278,30.4401,7.32449,,,,,,,,,
2017-06,42.2436,72.5771,,8.51971,56.6876,63.4107,,0.181531,42.1626,6.71415,78.2623,40.9741,,2.15481,6.49662,58.159,0.511367,16.0139,8.31038,33.3065,0.117123,32.4003,17.4006,0.205811,0.878333,0.832417,,,3.10872,15.1908,13.8645,6.43081,16.1761,0.0147397,2.39745,,4.32895,0.0506587,30.3548,7.27931,,,,,,,,,
2017-07,45.5908,77.1902,,9.11488,59.3862,67.8072,,0.183719,45.7204,7.09224,82.5842,43.1272,,2.28058,7.01782,61.9768,0.530116,16.8711,8.75954,34.89,0.123608,34.6477,17.9724,0.219048,0.916843,0.858331,,,3.28101,16.0179,14.8532,6.73695,16.9918,0.0150079,2.58487,,4.53849,0.0518596,30.6193,7.60825,,,,,,,,,
2017-08,47.8885,78.791,,9.46997,60.0633,70.4603,,0.182184,48.1508,7.576,84.4214,44.2684,,2.32308,7.38287,61.9912,0.542577,17.0291,8.9259,35.3127,0.125419,36.0049,19.1736,0.230902,0.936587,0.868594,,,3.31475,16.5482,15.4424,6.81376,17.1855,0.0147563,2.70324,,4.60245,0.0536167,30.8809,7.69115,,,,,,,,,
2017-09,46.245,75.4884,,9.35993,58.5454,69.6222,,0.173291,46.3542,7.48777,83.0314,43.0703,,2.2767,7.34056,60.757,0.529895,16.9128,8.87428,34.4182,0.122544,35.5942,18.5247,0.227613,0.915058,0.848607,,,3.29833,16.3316,15.1688,6.64157,16.7536,0.0140027,2.66594,,4.49364,0.0519577,30.2638,7.48136,,,,,,,,,
2017-10,45.5201,77.8529,,9.19954,58.0169,68.4483,,0.170075,46.6862,7.3025,81.9042,42.7318,,2.1815,7.1416,59.8051,0.516096,16.3276,8.73656,34.1236,0.121298,35.0069,18.2311,0.220086,0.887651,0.844005,,,3.29174,15.8911,14.8849,6.59658,16.5772,0.0071901,2.63103,,4.30284,0.0507493,29.5357,7.42721,,,,,,,,,
2017-11,44.6287,76.7737,,9.09371,58.1179,67.6434,,0.173639,45.2667,7.11636,81.5696,42.7275,,2.16373,6.95756,58.3572,0.514067,15.4012,8.76881,34.187,0.120452,34.5981,17.6715,0.21754,0.89792,0.845167,,,3.34492,15.9441,14.7164,6.60543,16.6051,0.0071945,2.63854,,4.13798,0.0519971,29.4417,7.44977,,,,,,,,,
2017-12,44.3813,78.8974,,9.33048,58.5814,69.5185,,0.176847,45.4789,7.06123,82.9794,43.4419,,2.1565,7.00793,59.4072,0.521488,14.8657,8.86174,34.4901,0.121036,35.5039,18.0467,0.222574,0.908661,0.840479,,,3.41682,16.5498,14.953,6.64791,16.7567,0.00723595,2.72478,,4.29334,0.0538402,29.0755,7.5014,,,,,,,,,
2018-01,44.957,77.6739,,9.25379,57.6002,68.8668,,0.173184,45.9258,7.00664,81.8326,43.0881,,2.04955,6.99915,58.9743,0.511479,15.239,8.84497,33.8228,0.119009,35.2252,17.3887,0.222052,0.901376,0.834786,,,3.36548,16.511,14.7822,6.52634,16.4807,0.00709358,2.69305,,4.68538,0.0540119,29.1013,7.37056,,,,,,,,,
2018-02,45.4697,79.7026,,9.39139,56.184,69.9322,,0.17416,45.7413,7.30687,81.7567,42.9312,,2.0181,7.15993,60.3027,0.516896,14.9557,8.93654,32.9912,0.116855,35.7291,17.6613,0.225024,0.882494,0.820804,,,3.36532,16.8342,15.0241,6.37368,16.0755,0.00687203,2.76048,,4.74003,0.0526906,28.3829,7.1853,,,,,,,,,
2018-03,43.9775,78.2361,,9.23955,56.3742,68.9062,,0.175963,44.1389,7.13318,81.8176,42.5498,,2.10351,6.83531,59.8579,0.5261,14.7933,8.9025,33.1126,0.117263,35.1789,17.3374,0.218886,0.863245,0.827208,,,3.37874,16.4625,14.7538,6.39272,16.13,0.00689878,2.70471,,4.78473,0.0520475,28.7697,7.20041,,,,,,,,,
2018-04,44.1169,80.4915,,9.47263,57.2649,70.5618,,0.179829,44.5156,7.31091,83.2443,43.717,,2.17613,6.86572,60.0828,0.539294,14.4692,9.12719,33.6358,0.119426,36.0974,17.3267,0.225977,0.879443,0.835685,,,3.48009,16.7853,15.1607,6.48725,16.3848,0.00703586,2.78269,,4.84176,0.053935,29.329,7.29619,,,,,,,,,
2018-05,47.0268,85.4852,,10.0942,61.9997,75.2056,,0.189546,48.3504,7.7893,89.1432,46.8346,,2.36369,7.16039,62.7591,0.56857,15.3381,9.78948,36.2614,0.128284,38.447,17.9397,0.240449,0.930647,0.899354,,,3.74168,17.8673,16.1332,6.97441,17.7395,0.0076845,2.95349,,5.0291,0.05806,31.0542,7.90057,,,,,,,,,
2018-06,47.0351,82.6897,,9.75921,62.0188,72.5806,,0.188281,48.3012,7.60267,87.7057,46.4004,,2.37483,7.06735,62.8166,0.569816,13.8605,9.68862,36.4495,0.128403,37.137,16.6552,0.227906,0.918491,0.906045,,,3.64709,16.8763,15.6207,6.89075,17.745,0.00776964,2.81699,,4.96906,0.0576163,30.8398,7.9025,,,,,,,,,
2018-07,46.3582,82.3491,,9.7927,62.7565,72.9921,,0.183843,47.4673,7.7017,88.1679,46.0362,,2.38527,7.01151,63.0655,0.566983,13.769,9.47511,36.883,0.1302,37.3129,16.2464,0.221899,0.916622,0.920858,,,3.72885,16.7436,15.659,6.83995,17.9561,0.00797247,2.81735,,4.56643,0.0563028,31.5359,7.99721,,,,,,,,,
2018-08,46.2759,82.021,,9.81468,62.3497,73.0738,,0.179576,47.7739,7.67211,87.4928,45.7915,,2.31999,7.12495,63.0942,0.559843,12.6931,9.13442,36.644,0.129693,37.3844,16.7184,0.227454,0.90849,0.914889,,,3.76735,17.0742,15.7979,6.62238,17.8397,0.00800189,2.85556,,4.73537,0.0556935,31.4374,7.94365,,,,,,,,,
2018-09,49.3256,88.533,,10.6585,68.0447,79.4966,,0.187126,52.2818,8.17776,95.4177,49.7403,,2.40866,7.47374,70.4105,0.614704,10.3626,9.96466,40.1089,0.140879,40.6358,16.3955,0.2438,0.959423,0.985441,,,4.05997,18.5262,17.1022,7.22052,19.4692,0.00869333,3.08754,,4.6431,0.0610622,32.6745,8.66944,,,,,,,,,
2018-10,47.3499,85.7925,,10.2217,65.5906,76.2294,,0.180626,50.4078,8.03974,91.9613,47.9884,,2.32056,7.40167,67.1484,0.578273,10.9398,9.53227,38.6623,0.135798,38.9655,16.3441,0.235379,0.904106,0.948664,,,3.8811,17.8522,16.3372,6.95921,18.767,0.00811865,2.96884,,4.63689,0.0591863,31.093,8.38358,,,,,,,,,
2018-11,46.4749,83.5958,,9.98071,65.5962,74.4189,,0.177753,49.9666,7.79997,90.6644,47.355,,2.3348,7.15748,65.3218,0.579958,11.914,9.40623,38.6656,0.134777,38.0776,17.7464,0.229237,0.887935,0.941122,,,3.83044,17.1817,15.9594,6.95981,18.7686,0.00796375,2.87186,,4.47136,0.0575807,30.9562,8.36068,,,,,,,,,
2018-12,48.6426,85.0498,,10.1469,66.5335,75.7484,,0.178169,50.0139,7.77124,92.0365,48.5611,,2.35508,7.31958,66.7739,0.586534,12.8801,9.58158,39.2181,0.136971,38.7093,17.2689,0.233919,0.953646,0.95252,,,3.88177,17.6524,16.2483,7.063,19.0368,0.00801695,2.91635,,4.84959,0.0593106,31.2217,8.5066,,,,,,,,,
2019-01,48.9351,88.2832,,10.6459,69.4706,79.4605,,0.18057,50.9614,7.97394,96.619,50.8383,,2.50706,7.74883,70.5787,0.629976,13.176,10.0997,40.9494,0.143238,40.6451,17.8988,0.247288,0.993395,0.994568,,,4.09084,18.4826,17.0501,7.36573,19.8771,0.00833278,3.08834,,4.81438,0.0621911,32.0732,8.87191,,,,,,,,,
2019-02,47.5608,85.9192,,10.0727,65.3577,75.2006,,0.171867,49.7963,7.77781,91.3171,48.5859,,2.35499,7.25206,65.8582,0.601405,12.5391,9.74819,38.525,0.133985,38.4389,17.7361,0.238384,0.918803,0.936357,,,3.82768,17.5646,15.8701,6.93083,18.7003,0.00779704,2.91997,,4.90353,0.0587379,30.406,8.3307,,,,,,,,,
2019-03,47.0649,87.5606,,10.0553,65.8895,74.9691,,0.175738,50.0262,7.70466,92.0944,48.8613,,2.45673,7.1125,66.101,0.594939,12.3829,9.8544,38.8385,0.134441,38.3547,17.6709,0.237158,0.925668,0.945466,,,3.83636,17.3718,15.8251,6.98352,18.8525,0.00784852,2.92647,,4.72184,0.0586482,30.8212,8.39389,,,,,,,,,
2019-04,45.8969,84.2522,,9.73425,64.7347,72.723,,0.170498,48.2052,7.49478,89.8576,47.7782,,2.38008,6.97257,64.9816,0.584301,11.4546,9.63214,38.1578,0.132994,37.1505,16.5931,0.226559,0.935168,0.927431,,,3.72896,16.9148,15.2633,6.85931,18.5221,0.00771802,2.81406,,4.43519,0.0569818,30.4305,8.24667,,,,,,,,,
2019-05,45.5781,83.8592,,9.69553,64.6314,72.3096,,0.169558,48.0388,7.47573,89.3458,47.4742,,2.44839,6.80904,63.4948,0.580591,10.8518,9.59293,38.0969,0.134229,37.0084,16.3806,0.22408,0.926416,0.92562,,,3.62812,16.8764,15.2128,6.85381,18.4925,0.00765281,2.82073,,4.51085,0.055431,30.6906,8.23855,,,,,,,,,
2019-06,45.2649,82.5531,,9.76294,65.3834,72.8436,,0.170928,48.3248,7.45152,90.0382,47.4859,,2.4333,6.84528,65.0193,0.600757,11.1462,9.47215,38.5402,0.136145,37.2767,16.4206,0.224438,0.935954,0.934155,,,3.57971,16.9995,15.3443,6.92988,18.7077,0.00770721,2.82172,,4.43034,0.0549187,31.1884,8.33557,,,,,,,,,
2019-07,44.2286,79.9105,,9.62149,63.0756,71.8179,,0.165759,48.1787,7.40619,87.6827,46.6363,,2.41161,6.80677,64.7328,0.585878,10.9495,9.18238,37.1798,0.132145,36.7167,16.5141,0.221804,0.915067,0.906649,,,3.48966,16.8836,15.1741,6.68528,18.0474,0.00736878,2.82369,,4.45786,0.0546114,30.8831,8.07947,,,,,,,,,
2019-08,43.7135,77.1026,,9.46794,63.4172,70.7355,,0.164966,48.2444,7.23602,87.231,46.3102,,2.53276,6.62819,64.019,0.58414,11.4598,9.21052,37.3812,0.133173,36.1455,16.7297,0.216043,0.920791,0.908816,,,3.56276,16.4759,14.9386,6.72148,18.1451,0.00734135,2.75613,,4.47249,0.0536193,31.1648,8.10247,,,,,,,,,
2019-09,44.6678,80.9446,,9.8442,66.4897,73.3847,,0.171686,49.9622,7.30897,91.0783,47.8963,,2.64585,6.78778,67.3109,0.624874,11.3784,9.30446,39.1923,0.139596,37.5245,15.9478,0.221677,0.929601,0.954626,,,3.73958,16.7485,15.519,6.86522,19.0242,0.00707337,2.83599,,4.36723,0.0549983,31.6768,8.47672,,,,,,,,,
2019-10,43.6195,79.5533,,9.46825,64.6407,70.7169,,0.166503,48.826,7.12059,88.1861,46.7496,,2.67497,6.59121,65.0898,0.599191,11.4307,9.05484,38.1024,0.135657,36.1404,15.5375,0.211234,0.914199,0.924469,,,3.64892,16.1675,14.8787,6.67087,18.4952,0.00685116,2.73507,,4.25343,0.0539162,31.1266,8.24415,,,,,,,,,
2019-11,44.113,82.5565,,9.52844,63.7748,71.1918,,0.164083,48.4574,6.95321,87.7962,46.8794,,2.56843,6.62203,64.569,0.58711,11.1651,9.0651,37.3651,0.13391,36.3928,15.9925,0.216149,0.900107,0.911655,,,3.64219,16.7046,14.9597,6.57811,18.2474,0.00674152,2.79041,,4.23722,0.0548061,31.099,8.13734,,,,,,,,,
2019-12,43.4282,82.7167,,9.4428,64.0817,70.5475,,0.165875,48.2398,6.98126,87.9778,46.8879,,2.67341,6.70872,64.178,0.585034,11.1388,9.11948,37.7729,0.134062,36.0719,15.2962,0.210056,0.891944,0.915453,,,3.66391,16.3232,14.7382,6.61318,18.3353,0.00673835,2.75929,,4.36188,0.0542762,30.4022,8.18705,,,,,,,,,
2020-01,43.3835,81.3069,,9.28776,61.9057,69.3777,,0.161665,47.4446,7.03834,85.6051,45.9958,,2.61205,6.6293,63.8994,0.569746,10.4148,8.88696,36.4902,0.129239,35.472,15.4006,0.209637,0.868255,0.886979,,,3.59917,16.3017,14.5005,6.3898,17.7126,0.00651121,2.73019,,4.40839,0.0535535,29.3545,7.95029,,,,,,,,,
2020-02,42.3217,82.964,,9.31645,63.1385,69.5976,,0.166537,47.7562,6.8523,86.8729,46.33,,2.52296,6.53506,65.0577,0.579119,10.5572,9.10209,37.2169,0.131951,35.5971,14.8778,0.206537,0.88485,0.903564,,,3.62033,16.2002,14.5736,6.51248,18.0654,0.00660215,2.7575,,4.25261,0.0529512,29.5495,8.12667,,,,,,,,,
2020-03,43.8321,86.2307,,9.88387,66.9909,73.7235,,0.175541,49.8481,7.10086,91.7548,48.0497,,2.7257,6.92942,69.4278,0.615414,10.749,9.58341,39.4877,0.139914,37.7626,14.932,0.217348,0.930752,0.958695,,,3.79444,17.0551,15.3441,6.91912,19.1676,0.00705019,2.90797,,4.28714,0.0554638,29.9347,8.59508,,,,,,,,,
2020-04,47.1448,94.5771,,11.476,77.7325,85.7389,,0.174278,55.2941,7.37766,105.7869,54.2673,,2.75213,7.8,80.7191,0.714027,12.0661,10.9611,45.933,0.157194,43.7979,15.4738,0.24212,1.03457,0.972264,,,4.30055,18.9301,17.7184,7.62457,22.2411,0.0081543,3.15383,,4.44059,0.0637831,30.1979,10.0279,,,,,,,,,
2020-05,47.5848,90.6679,,10.6035,72.7263,79.1189,,0.171298,52.3814,7.0401,99.1936,51.5899,,2.69798,7.38593,74.829,0.68198,10.4119,10.313,42.8684,0.151668,40.4372,13.6291,0.223904,0.968328,0.909415,,,4.0743,17.3966,16.3305,7.09698,20.8087,0.0071871,2.91693,,4.01789,0.0602832,30.1832,9.38259,,,,,,,,,
2020-06,47.0642,87.0603,,10.5366,70.752,78.5489,,0.171643,51.385,7.24866,96.6161,50.0616,,2.62872,7.47109,73.4475,0.659539,10.3762,9.90079,41.7047,0.146212,40.1612,13.0903,0.225045,0.935638,0.95947,,,4.04876,17.6364,16.2175,6.90432,20.2438,0.0069782,2.90801,,4.0309,0.0571992,29.3516,9.12576,,,,,,,,,
2020-07,48.2946,86.5724,,10.6113,70.4413,78.9929,,0.174099,51.4997,7.23923,97.1928,50.4594,,2.64194,7.53053,74.0318,0.654264,10.2761,9.95806,41.4604,0.146204,40.4301,13.0358,0.221472,0.932713,0.926665,,,4.10605,17.7068,16.3255,6.83398,20.1549,0.00692408,2.94795,,4.06627,0.058543,29.2106,9.08885,,,,,,,,,
2020-08,52.8154,96.3277,,11.7064,73.4261,87.2889,,0.174086,54.718,8.11374,103.3149,53.5605,,2.65196,8.47016,80.7946,0.70187,10.5231,10.5204,43.2172,0.150958,44.5547,14.2428,0.252823,0.981379,0.956287,,,4.41927,19.7653,18.0311,7.11838,21.0089,0.00719321,3.3293,,4.34922,0.0617,30.089,9.47421,,,,,,,,,
2020-09,54.2459,98.1813,,11.7852,73.8039,87.8266,,0.175623,56.4379,8.38633,104.6827,54.2237,,2.67537,8.53145,81.6234,0.697118,10.0563,10.7682,43.4396,0.151579,44.852,13.6955,0.247839,1.0025,0.940231,,,4.4469,19.9626,18.127,7.15327,21.117,0.00719135,3.34894,,4.42602,0.0621394,27.7866,9.52296,,,,,,,,,
2020-10,56.1262,101.0729,,12.4057,78.7847,92.4302,,0.181995,58.7946,8.33454,110.8721,57.5365,,2.78337,8.76135,85.4776,0.745749,10.1077,11.5671,46.3712,0.161809,47.2274,13.9883,0.25329,1.06791,0.989419,,,4.64396,20.391,18.9623,7.63418,22.5421,0.00767284,3.4022,,4.65345,0.0673506,30.0739,10.1656,,,,,,,,,
2020-11,55.7706,102.5449,,12.431,79.3323,92.6284,,0.183154,59.532,8.30079,112.0164,58.0849,,2.78971,8.89904,86.5884,0.760361,9.5254,11.8403,46.6935,0.160868,47.3371,13.7274,0.251749,1.06296,0.971067,,,4.65292,20.0532,18.9922,7.66866,22.6988,0.00765682,3.38803,,4.85905,0.0698695,30.0946,10.2329,,,,,,,,,
2020-12,56.2584,101.6507,,12.2622,76.1999,91.2037,,0.179066,58.7011,8.6199,108.6054,56.9761,,2.67321,8.98128,84.4414,0.731566,9.74822,11.5754,44.8499,0.149938,46.6568,14.2587,0.252707,1.02993,0.898313,,,4.41739,20.3623,18.7269,6.72698,21.8025,0.00735449,3.48199,,4.98687,0.0687986,29.4583,9.83085,,,,,,,,,
2021-01,56.9065,100.8477,,12.2032,73.8757,90.7932,,0.175252,57.9599,8.64478,106.401,55.8945,,2.60711,9.01869,83.7973,0.716058,9.99739,11.2956,43.4819,0.141457,46.4218,14.2233,0.248752,1.01108,0.893546,,,4.2951,19.8393,18.6414,6.5218,21.1375,0.00705128,3.46054,,5.04719,0.0679164,28.5234,9.53013,,,,,,,,,
2021-02,58.3333,104.2832,,12.4125,76.2527,92.2963,,0.179782,59.3083,8.83987,109.7017,57.2769,,2.7094,9.11917,85.7254,0.728784,10.3836,11.8024,44.8809,0.146852,47.2007,14.0137,0.257258,1.04515,0.89892,,,4.41533,20.3438,18.9274,6.69177,21.8177,0.00728993,3.54071,,5.02013,0.068132,29.0431,9.8355,,,,,,,,,
2021-03,58.3737,103.8251,,12.1665,74.4373,90.3743,,0.178255,59.0678,8.7339,107.6847,56.1198,,2.66296,8.95713,82.3057,0.70204,10.1546,11.5232,43.8124,0.141047,46.2631,13.458,0.250432,1.01836,0.878764,,,4.26575,20.0397,18.5592,6.53245,21.2982,0.00706335,3.45673,,5.0114,0.0663251,28.5879,9.59664,,,,,,,,,
2021-04,57.6129,104.1299,,11.9428,75.6373,88.7452,,0.177801,60.0439,8.86098,107.1697,56.2526,,2.71942,8.68117,80.3114,0.683665,9.08698,11.5385,44.5187,0.142914,45.4114,13.1012,0.244251,1.03055,0.891882,,,4.17309,19.0484,18.0385,6.63369,21.6416,0.00722076,3.39714,,5.10242,0.067005,28.8483,9.73002,,,,,,,,,
2021-05,58.1546,104.1694,,12.1771,74.8451,90.585,,0.174178,60.9637,9.11001,107.6078,56.3593,,2.69783,8.91024,82.2654,0.68763,9.09407,11.5657,44.0524,0.143761,46.295,14.0201,0.251737,1.01059,0.882325,,,4.22615,19.8433,18.375,6.56248,21.4149,0.00712193,3.50005,,5.20658,0.0672396,29.2398,9.63927,,,,,,,,,
2021-06,56.7022,103.8978,,12.0186,73.2965,89.3778,,0.170912,60.7312,8.75726,105.8893,55.4478,,2.66893,8.8309,81.3953,0.668063,8.64142,11.5219,42.8484,0.140752,45.6989,14.0275,0.256672,1.01027,0.876199,,,4.15985,19.9419,18.1665,6.46639,20.9718,0.00692741,3.50349,,5.3336,0.06615,28.9732,9.44518,,,,,,,,,
2021-07,54.5862,100.6346,,11.6311,72.7234,86.5118,,0.169778,58.5912,8.48482,103.761,54.0855,,2.67074,8.54604,78.8244,0.658309,8.36661,11.2545,42.8036,0.146806,44.2195,14.6714,0.245911,0.977268,0.858689,,,4.03514,19.1342,17.5495,6.37645,20.8078,0.00685727,3.39432,,5.08377,0.0644348,28.749,9.36578,,,,,,,,,
2021-08,54.1154,102.2042,,11.6992,73.1388,86.9913,,0.171891,58.8405,8.3591,104.4049,54.1088,,2.72718,8.55705,80.7182,0.667873,8.69107,11.329,43.0481,0.150569,44.4856,14.3917,0.243407,0.983544,0.862352,,,4.08597,19.0258,17.6843,6.41287,20.9267,0.00688365,3.41379,,5.02248,0.063722,29.2006,9.40982,,,,,,,,,
2021-09,53.6982,100.9479,,11.6542,73.2781,86.666,,0.171752,58.208,8.46246,104.2454,54.5305,,2.72558,8.52388,80.1291,0.667044,8.81976,11.3367,43.1301,0.148622,44.3089,14.1341,0.248818,1.00237,0.864871,,,4.15656,19.0953,17.5584,6.46476,20.9666,0.00687852,3.39423,,5.04066,0.0632946,29.2726,9.41624,,,,,,,,,
2021-10,52.3473,97.6462,,11.3396,72.6642,84.305,,0.170653,57.1349,8.26895,102.7138,53.3981,,2.72887,8.27705,77.8573,0.649483,8.17959,11.2442,42.7688,0.148037,43.1088,13.4173,0.233982,0.978708,0.856132,,,4.12865,18.223,17.0465,6.4106,20.7909,0.00679619,3.30397,,4.80082,0.0613467,29.0065,9.331,,,,,,,,,
2021-11,53.1791,97.2118,,11.0561,70.52,82.2898,,0.16494,57.092,8.43349,99.68,52.4273,,2.68152,8.27544,77.3415,0.620283,7.34384,11.0188,41.5068,0.147624,42.0488,12.4894,0.228154,0.940643,0.831363,,,4.04369,17.7959,16.6168,6.27123,20.1774,0.00660114,3.20516,,4.6173,0.0602954,29.1501,9.06986,,,,,,,,,
2021-12,53.3685,99.8843,,11.4173,74.8926,84.8234,,0.170443,58.5922,8.29817,104.7029,54.7661,,2.74319,8.29578,81.3608,0.661976,5.83507,11.7547,44.0804,0.153902,43.411,13.3684,0.231607,0.997172,0.882884,,,4.2311,18.1796,17.1505,6.63353,21.4285,0.00694284,3.31581,,4.64577,0.0629188,29.4331,9.60211,,,,,,,,,
2022-01,53.9141,100.0573,,11.2956,74.2926,84.0695,,0.169,58.023,8.42568,103.9792,54.8852,,2.72584,8.21512,80.9376,0.645097,5.78432,11.6503,43.7273,0.155164,42.9487,13.0253,0.227476,0.998422,0.875906,,,4.1855,18.296,16.9719,6.58039,21.2568,0.00685504,3.37234,,4.64948,0.0624483,29.1458,9.5264,,,,,,,,,
2022-02,54.57,104.1432,,11.6386,77.4702,86.5032,,0.178379,60.8803,8.65038,107.7401,57.2158,,2.71136,8.25944,83.2297,0.671523,5.81259,12.1789,45.5975,0.160394,44.2839,14.4327,0.241973,1.03701,0.913279,,,4.3039,18.8735,17.5153,6.8588,22.166,0.00716311,3.54214,,4.9814,0.0640771,29.8444,9.93488,,,,,,,,,
2022-03,67.3624,125.0415,,14.0504,93.5589,104.4772,,0.188393,73.2646,10.4927,130.4436,68.8743,,3.10053,9.81669,101.0683,0.809718,6.77806,14.8243,55.067,0.19524,53.4592,18.1182,0.280932,1.23927,1.10069,,,5.08472,22.2151,21.1342,8.28688,26.7694,0.00863067,4.18215,,6.08375,0.0777626,33.9264,11.9737,,,,,,,,,
2022-04,62.5573,109.5586,,12.4297,83.4097,92.493,,0.177349,66.5999,9.54115,115.3056,61.5797,,2.82427,8.93257,90.1921,0.685343,5.68163,13.1569,49.1455,0.172311,47.3085,17.5555,0.250438,1.10055,0.873632,,,4.55169,19.8415,18.6925,6.43593,23.8313,0.00749024,3.78682,,5.70924,0.0686788,28.3398,10.6529,,,,,,,,,
2022-05,50.7677,88.3464,,10.0063,71.0237,74.5589,,0.158362,55.3618,7.52282,95.1675,51.2881,,2.34698,7.2721,73.2959,0.546757,4.80114,10.8518,41.7786,0.156695,38.0742,14.1744,0.199069,0.930508,0.865073,,,3.83177,15.9898,15.1844,5.68417,20.2925,0.00635286,3.03611,,4.47002,0.056552,26.7671,9.06724,,,,,,,,,
2022-06,44.2769,77.9204,,8.9142,61.6069,62.7397,,0.144147,48.655,6.54912,83.1169,44.9784,,2.0778,6.2861,64.0937,0.480553,3.76317,9.40696,36.2394,0.137518,33.9058,13.0487,0.167725,0.793543,0.75582,,,3.23052,14.4255,13.382,5.40411,17.602,0.00559509,2.68346,,3.96301,0.049793,23.9111,7.86505,,,,,,,,,
2022-07,36.1757,63.6502,,7.42381,52.5123,54.6405,,0.11291,40.7768,5.27529,69.9926,37.7298,,1.77865,5.13849,54.9464,0.384339,3.14745,8.28897,30.8896,0.128956,28.237,10.0473,0.138194,0.670945,0.660532,,,2.74623,11.6381,11.0729,4.97379,15.0035,0.00483528,2.23248,,3.23131,0.0404439,20.4623,6.70484,,,,,,,,,
2022-08,42.96,74.2711,,8.33641,61.3101,62.5695,,0.128055,47.7679,6.32545,80.7405,44.476,,1.67551,6.04863,64.3608,0.460978,3.42121,9.21636,36.0648,0.150377,31.7291,11.7574,0.155051,0.767238,0.737131,,,3.17146,13.1901,12.6642,5.97192,17.5172,0.0056206,2.52346,,3.71381,0.0471943,23.4276,7.82416,,,,,,,,,
2022-09,41.5767,70.0635,,8.12673,60.2386,60.2141,,0.128687,46.0681,6.05754,78.5638,43.1818,,1.63195,5.64635,61.6504,0.434591,3.31324,8.72611,35.4345,0.148822,30.9043,11.9016,0.148415,0.754939,0.74646,,,3.10957,12.7419,12.3675,5.8774,17.211,0.0055113,2.45892,,3.53824,0.0450348,23.5804,7.6884,,,,,,,,,
2022-10,35.9552,61.0166,,7.21746,55.2987,52.7379,,0.115957,40.3434,5.11102,70.5545,38.5626,,1.4978,4.9717,56.6469,0.382055,2.98581,8.15532,32.5286,0.136321,27.4422,10.257,0.129031,0.683404,0.689707,,,2.82829,11.1216,10.957,5.41083,15.7996,0.00502076,2.17369,,3.0904,0.038665,22.2952,7.05701,,,,,,,,,
2022-11,39.5619,71.4333,,8.23957,61.6229,61.1196,,0.131955,45.261,5.93452,79.2113,43.667,,1.6685,5.60621,61.6722,0.415697,3.3122,8.39469,36.2488,0.15585,31.3523,11.5286,0.148682,0.743682,0.73796,,,3.18802,12.9776,12.4523,6.03271,17.6065,0.00551165,2.52098,,3.36599,0.0432654,24.8851,7.86508,,,,,,,,,
2022-12,40.7776,73.0685,,8.48612,60.8803,63.0504,,0.129967,44.8375,6.14537,80.0119,44.3669,,1.64844,5.76562,64.0441,0.438619,3.26772,8.53746,35.8119,0.154178,32.2664,11.471,0.154699,0.744108,0.720919,,,3.14242,13.5223,12.8486,5.96281,17.3944,0.00542945,2.59319,,3.58655,0.0461634,25.0279,7.8182,,,,,,,,,
2023-01,47.6537,84.7919,,10.0722,70.3375,75.6553,,0.152583,51.8828,7.1511,93.608,52.3111,,1.91387,6.73918,76.1805,0.530609,3.75865,9.89492,41.375,0.178717,38.2977,13.4813,0.187227,0.848785,0.820933,,,3.67146,16.0496,15.1766,6.89421,20.0964,0.00626589,3.09611,,4.14162,0.0556248,25.7044,9.03965,,,,,,,,,
2023-02,49.6231,87.2935,,10.3363,70.5174,76.3004,,0.153325,52.7983,7.01624,95.3184,53.658,,1.90963,6.77056,76.0952,0.540736,3.75001,10.4259,41.4808,0.178223,39.3095,13.8389,0.196329,0.864163,0.818542,,,3.75842,16.2262,15.5099,6.85167,20.1478,0.0062396,3.22292,,4.04672,0.0572428,26.3676,9.01296,0.00298689,26.701,19.1989,2.34925,0.00470775,19.3729,45.6107,2.15228,0.651198
2023-03,50.4031,90.104,,10.6203,74.8932,79.5134,,0.166748,55.1781,7.24439,99.3301,55.5588,,2.03132,7.20792,79.852,0.549514,3.96676,10.7467,44.0548,0.192359,40.4129,14.4145,0.209088,0.904986,0.856706,,,3.96712,16.8557,16.1491,6.86093,21.3981,0.006616,3.34643,,4.0526,0.0566257,26.7304,9.5588,0.00316754,28.5069,20.3908,2.44617,0.00490331,20.5751,46.1866,2.13194,0.676032
2023-04,51.8994,95.7262,,11.2996,77.3233,84.1116,,0.172577,57.1369,7.38572,104.054,58.2693,,2.09349,7.46804,84.3864,0.579288,4.03499,11.2411,45.4843,0.199041,43.0363,15.0872,0.221018,0.94024,0.884504,,,4.20103,18.006,17.008,7.08504,22.0924,0.00676304,3.57432,,4.34062,0.0593927,27.0949,9.86707,0.00327641,30.1997,21.053,2.50251,0.00513367,21.2427,48.5204,2.26922,0.718891
2023-05,53.2166,100.5883,,11.9266,80.5093,88.3712,,0.176474,59.1458,7.49677,108.7761,60.3518,,2.18067,7.82517,89.8541,0.600592,4.14403,11.5659,47.3584,0.208228,45.4521,16.0547,0.237246,0.979978,0.919896,,,4.46889,19.2897,17.9248,7.37629,23.0027,0.00706827,3.78209,,4.36831,0.0601849,27.5198,10.2743,0.00340578,32.2153,21.9246,2.60588,0.00545789,22.1179,49.5615,2.36008,0.756268
2023-06,52.6057,100.5219,,11.6828,80.9942,86.5009,,0.181163,59.5633,7.20711,107.7936,59.8229,,2.19394,7.476,88.8679,0.579358,3.98423,11.3697,47.6436,0.209493,44.4925,16.0099,0.232709,0.979129,0.924697,,,4.5518,19.0777,17.3949,7.42133,23.1412,0.00710112,3.66888,,4.0957,0.0610264,27.7339,10.3573,0.00341546,31.249,22.0518,2.62132,0.0054108,22.2512,48.7423,2.33362,0.738775
2023-07,58.5989,111.5234,,12.9807,88.3844,96.0195,,0.194624,66.68,8.20501,117.8942,65.1947,,2.39331,8.14535,98.2049,0.610052,3.4196,12.1588,51.9908,0.22894,49.4292,18.1932,0.258132,1.07719,1.01357,,,4.83572,21.6427,19.319,8.09826,25.2527,0.00769355,4.07884,,4.67057,0.0670748,29.1515,11.298,0.00371363,33.7641,24.0633,2.86062,0.0058821,24.2814,53.6935,2.48498,0.819759
2023-08,61.202,117.8243,,13.5311,91.5923,100.9428,,0.205511,69.2203,9.04669,123.013,68.7733,,2.48005,8.70442,105.1939,0.64996,3.39687,12.7949,53.8778,0.2372,51.5606,19.3846,0.262337,1.11801,1.0443,,,5.11938,22.9078,20.4849,8.38788,26.1692,0.00789577,4.22182,,5.17129,0.0718596,30.1846,11.7652,0.00385522,34.6507,24.9366,2.96456,0.00607255,25.1627,56.5216,2.67637,0.860177
2023-09,62.4729,122.6048,,14.0706,96.3344,104.9407,,0.208769,71.1743,9.05782,128.1382,71.343,,2.61303,8.86502,109.3715,0.659508,3.62155,13.1943,56.6673,0.249713,53.6174,19.8015,0.275737,1.16696,1.09156,,,5.39045,23.4464,21.1999,8.78771,27.5241,0.00796813,4.35449,,5.15516,0.0728812,29.8332,12.3032,0.00401778,36.6402,26.2277,3.11821,0.00632157,26.4655,57.4924,2.75925,0.897424
2023-10,62.9104,118.8265,,13.7698,97.4147,103.1631,,0.20398,72.1965,9.17717,127.7418,71.3765,,2.63752,8.98552,107.0844,0.651865,3.55529,13.3587,57.3028,0.247623,52.492,19.3007,0.264168,1.17441,1.09813,,,5.36563,22.3367,20.7867,8.89072,27.8328,0.00800116,4.19638,,5.18605,0.0721965,29.6535,12.4619,0.00404395,36.3054,26.5218,3.15324,0.00627429,26.7623,58.1176,2.65326,0.879562
2023-11,58.3975,111.8627,,13.0749,92.0226,97.9345,,0.195017,66.524,8.26501,120.706,67.3221,,2.53715,8.27482,103.095,0.615742,3.25977,12.5339,54.1309,0.228344,49.8957,18.3784,0.256666,1.10649,1.03027,,,5.06872,22.0831,19.7537,8.39898,26.2922,0.00753097,3.97026,,4.8944,0.0681397,29.1027,11.7842,0.00382043,34.022,25.0538,2.97873,0.00578177,25.2809,53.7228,2.55761,0.832523
2023-12,58.8892,112.4724,,13.05,88.5819,96.8827,,0.192964,65.1817,8.31935,118.3915,66.5229,,2.43523,8.56162,101.248,0.60268,3.06665,12.3927,52.107,0.219997,49.7511,18.1038,0.255,1.06268,0.993468,,,4.96438,22.2512,19.5489,8.08834,25.3091,0.0072135,4.01023,,4.72871,0.0686681,28.4829,11.361,0.00370775,32.6521,24.1203,2.86723,0.00575805,24.3357,54.655,2.53493,0.829455
2024-01,61.3468,114.532,,13.3717,89.6883,99.1919,,0.197708,67.884,8.85059,120.3321,68.0178,,2.36131,9.03042,106.7591,0.633302,3.04815,12.5762,52.7578,0.221567,50.9651,18.5268,0.258886,1.07735,1.00677,,,5.15266,22.7925,19.9494,8.18712,25.6252,0.00726882,4.03293,,4.82647,0.0696338,28.2261,11.5014,0.00375799,33.3042,24.4216,2.90317,0.00581787,24.6396,56.8624,2.62068,0.847178
2024-02,58.9476,113.5732,,13.0466,89.6678,97.1149,,0.200075,66.8315,8.57745,119.2689,66.8714,,2.36749,8.60874,103.9145,0.607917,2.95615,12.458,52.7458,0.222115,49.7243,18.0654,0.251989,1.07844,1.00389,,,5.0547,22.3415,19.5091,8.18197,25.6194,0.00721379,3.91443,,4.79345,0.067187,28.1426,11.4885,0.00373756,33.4245,24.416,2.90254,0.00567661,24.634,54.9933,2.53077,0.828146
2024-03,59.2201,114.9428,,13.1719,90.8423,98.5447,,0.201286,66.9238,8.56179,120.4932,67.5608,,2.37759,8.77254,103.4533,0.603203,2.91646,12.5675,53.4366,0.224768,50.1999,18.332,0.250254,1.09549,1.0159,,,5.09563,22.823,19.8246,8.29247,25.9549,0.00727615,3.87519,,4.72755,0.0682255,28.2303,11.6271,0.00378478,34.1435,24.7358,2.94042,0.0057961,24.9567,55.3366,2.52791,0.839991
2024-04,60.3335,116.649,,13.3951,92.366,99.5299,,0.206105,68.1668,8.55154,122.2399,68.5411,,2.35499,8.66437,101.9267,0.610684,2.86063,12.671,54.3329,0.234861,51.056,18.4884,0.251452,1.10785,1.03236,,,5.23471,23.1575,20.0456,8.4344,26.3903,0.00731897,3.94507,,4.86326,0.0685615,28.4002,11.8236,0.0038481,34.2375,25.1507,1.94877,0.00582641,25.3753,55.3365,2.53405,0.849845
2024-05,60.0144,114.6229,,13.1861,91.7791,98.027,,0.207013,67.1489,8.33355,120.9217,67.4598,,2.31355,8.40073,100.7012,0.589726,2.82555,12.5657,53.9877,0.236495,50.2764,17.9323,0.2509,1.10127,1.03347,,,5.14131,22.8051,19.7915,8.39753,26.2226,0.00726088,3.90865,,4.83315,0.0667339,28.3803,11.744,0.00378533,34.2971,24.9909,1.91605,0.00566258,25.214,54.76,2.48058,0.840055
2024-06,59.8601,114.895,,13.0762,90.1915,97.7908,,0.202773,65.9391,8.55147,119.2873,66.7739,,2.22695,8.48229,99.5601,0.575752,2.79421,12.4028,53.0538,0.232824,49.8725,17.3549,0.250929,1.08275,1.02841,,,5.09617,22.8976,19.6504,8.38102,25.769,0.00714681,3.93763,,4.78373,0.0651437,28.1128,11.5571,0.00371755,32.2481,24.5586,1.90754,0.00554922,24.7779,55.2152,2.45412,0.83351
2024-07,56.7995,108.4798,,12.2971,85.748,92.4184,,0.184198,62.6355,8.0467,112.7595,63.1196,,2.11528,8.08927,95.3073,0.532762,2.6086,11.5756,50.44,0.220909,46.8937,15.5267,0.232128,1.0275,0.991932,,,4.78272,21.2669,18.4448,8.04104,24.4994,0.0068297,3.66664,,4.70786,0.0622852,27.0823,11.0004,0.00353454,30.2708,23.3487,1.78529,0.00522185,23.5571,52.1305,2.32707,0.78291
2024-08,55.8934,110.4608,,12.4908,86.1091,93.5149,,0.181141,62.1681,7.83986,114.1256,64.0979,,2.09873,7.97574,97.718,0.56502,2.60462,11.8747,50.6524,0.221873,47.6547,15.2327,0.235502,1.02824,1.02474,,,4.85721,21.696,18.7373,8.11722,24.6026,0.00686618,3.66281,,4.71306,0.0621906,27.5311,11.0425,0.00355016,31.6415,23.447,1.77261,0.00527629,23.6563,50.8819,2.41047,0.796391
2024-09,62.0617,119.9562,,13.5555,91.1868,100.7622,,0.18933,67.6761,8.68553,122.9052,69.9715,,2.2138,8.91172,107.4682,0.629917,2.68561,12.0151,53.6393,0.235303,51.6955,16.1808,0.257248,1.08723,1.07386,,,5.24077,23.5966,20.3062,8.55307,26.0534,0.00722271,4.03892,,5.17774,0.0682894,28.761,11.7146,0.00376432,33.8733,24.8296,1.87546,0.00591776,25.0513,57.1559,2.68386,0.863149
2024-10,64.6216,124.9922,,13.9489,93.2221,104.1735,,0.194525,69.0585,8.84687,126.315,72.7956,,2.26452,9.22711,110.5444,0.653502,2.73213,13.2425,54.8365,0.240704,53.1832,17.1276,0.262738,1.11258,1.1071,,,5.34991,24.4082,20.9719,8.75276,26.6349,0.00733142,4.14413,,5.44725,0.0706442,28.9843,12.0271,0.00386926,34.151,25.3838,1.93028,0.00615815,25.6105,59.3126,2.8898,0.888956
2024-11,63.7341,126.0906,,14.0645,97.0226,105.5231,,0.198634,69.7252,8.83357,129.0032,73.208,,2.35041,9.07227,112.126,0.632069,2.83358,13.6068,57.0721,0.250303,53.6499,16.7865,0.258169,1.15381,1.1308,,,5.41279,24.2199,21.2039,9.10591,27.7207,0.00759512,4.1346,,5.46748,0.0701385,29.2572,12.5045,0.00400209,35.322,26.4187,1.98165,0.00616721,26.6546,57.8837,2.87449,0.899866
2024-12,70.2147,136.637,,15.2299,107.7409,114.3149,,0.210021,76.9029,9.73771,141.5618,80.4457,,2.5902,9.84446,122.28,0.718273,3.11382,14.7233,63.377,0.273011,58.0729,17.9964,0.275341,1.27508,1.24125,,,5.89189,26.4265,22.8609,9.91697,30.7831,0.0083747,4.4967,,5.9717,0.0772502,30.1787,13.8663,0.00444274,39.2957,29.3372,2.17233,0.00679153,29.5991,63.5671,3.14333,0.97355
